<?xml version='1.0' encoding='iso-8859-1' standalone='yes' ?>

<jamoma version='0.4'
		xmlns:xsi='http://www.w3.org/2001/XMLSchema-instance'
		xsi:schemaLocation='http://jamoma.org/ file:jamoma.xsd'
>
  <preset number='1' name='default'>
    <item name='audio/gain' type='decimal' priority='0'>100.000000</item>
    <item name='audio/mute' type='boolean' priority='0'>0</item>
    <item name='enveloppe/attack' type='decimal' priority='30'>10.000000</item>
    <item name='enveloppe/release' type='decimal' priority='30'>128.000000</item>
    <item name='inputname' type='string' priority='31'>type in the name</item>
    <item name='inputnumber' type='integer' priority='30'>1</item>
    <item name='view/freeze' type='boolean' priority='0'>0</item>
  </preset>
</jamoma>
