<?xml version='1.0' encoding='iso-8859-1' standalone='yes' ?>

<jamoma version='0.4'
		xmlns:xsi='http://www.w3.org/2001/XMLSchema-instance'
		xsi:schemaLocation='http://jamoma.org/ file:jamoma.xsd'
>
  <preset number='1' name='default'>
    <item name='out/action' type='integer' priority='0' mixweight='1'>0</item>
    <item name='out/message' type='generic' priority='0' mixweight='1'>0</item>
    <item name='out/module/function' type='string' priority='6' mixweight='1'>0</item>
    <item name='out/module/name' type='string' priority='3' mixweight='1'>0</item>
    <item name='out/module/nr' type='integer' priority='4' mixweight='1'>0</item>
    <item name='out/ramp' type='decimal' priority='0' mixweight='1'>0</item>
    <item name='out/value' type='decimal' priority='0' mixweight='1'>0</item>
    <item name='view/color/border' type='array' priority='0' mixweight='1'>0</item>
    <item name='view/color/contentBackground' type='array' priority='0' mixweight='1'>0</item>
    <item name='view/color/toolbarBackground' type='array' priority='0' mixweight='1'>0</item>
    <item name='view/color/toolbarText' type='array' priority='0' mixweight='1'>0</item>
    <item name='view/freeze' type='boolean' priority='0' mixweight='1'>0</item>
    <item name='view/size' type='array' priority='0' mixweight='1'>150 70 </item>
  </preset>
</jamoma>
