<?xml version='1.0' encoding='iso-8859-1' standalone='yes' ?>

<jamoma version='0.4'
		xmlns:xsi='http://www.w3.org/2001/XMLSchema-instance'
		xsi:schemaLocation='http://jamoma.org/ file:jamoma.xsd'
>
  <preset number='1' name='default'>
    <item name='bypass' type='boolean' priority='0' mixweight='1'>0</item>
    <item name='gain' type='decimal' priority='0' mixweight='1'>0.000000</item>
    <item name='lowerSideband/active' type='boolean' priority='0' mixweight='1'>0</item>
    <item name='mix' type='decimal' priority='0' mixweight='1'>100.000000</item>
    <item name='modulatingFrequency' type='decimal' priority='0' mixweight='1'>20.000000</item>
    <item name='mute' type='boolean' priority='0' mixweight='1'>1</item>
    <item name='view/freeze' type='boolean' priority='0' mixweight='1'>0</item>
  </preset>
</jamoma>
