<?xml version='1.0' encoding='iso-8859-1' standalone='yes' ?>

<jamoma version='0.4'
		xmlns:xsi='http://www.w3.org/2001/XMLSchema-instance'
		xsi:schemaLocation='http://jamoma.org/ file:jamoma.xsd'
>
  <preset number='1' name='default'>
    <item name='channel_offset' type='integer' priority='0'>0</item>
    <item name='track.1/enable' type='integer' priority='0'>0</item>
    <item name='track.2/enable' type='integer' priority='0'>0</item>
    <item name='track.3/enable' type='integer' priority='0'>0</item>
    <item name='track.4/enable' type='integer' priority='0'>0</item>
    <item name='track.5/enable' type='integer' priority='0'>0</item>
    <item name='track.6/enable' type='integer' priority='0'>0</item>
    <item name='track.7/enable' type='integer' priority='0'>0</item>
    <item name='track.8/enable' type='integer' priority='0'>0</item>
    <item name='track_offset' type='integer' priority='0'>0</item>
    <item name='view/freeze' type='boolean' priority='0'>0</item>
  </preset>
</jamoma>
