<?xml version='1.0' encoding='iso-8859-1' standalone='yes' ?>

<jamoma version='0.4'
		xmlns:xsi='http://www.w3.org/2001/XMLSchema-instance'
		xsi:schemaLocation='http://jamoma.org/ file:jamoma.xsd'
>
  <preset number='1' name='default'>
    <item name='bypass' type='boolean' priority='0'>0</item>
    <item name='correction' type='decimal' priority='0'>1.000000</item>
    <item name='detune' type='array' priority='0'>1.000000 1.000000 1.000000 1.000000 1.000000 1.000000 1.000000 1.000000 1.000000 1.000000 1.000000 1.000000 </item>
    <item name='gain' type='decimal' priority='0'>0.000000</item>
    <item name='glide' type='decimal' priority='0'>10.000000</item>
    <item name='mix' type='decimal' priority='0'>100.000000</item>
    <item name='mute' type='boolean' priority='0'>1</item>
    <item name='pitchshift' type='decimal' priority='0'>0.000000</item>
    <item name='tune' type='decimal' priority='0'>0.000000</item>
    <item name='view/color/border' type='array' priority='0'>0</item>
    <item name='view/color/contentBackground' type='array' priority='0'>0</item>
    <item name='view/color/toolbarBackground' type='array' priority='0'>0</item>
    <item name='view/color/toolbarText' type='array' priority='0'>0</item>
    <item name='view/freeze' type='boolean' priority='0'>0</item>
    <item name='view/size' type='array' priority='0'>300 70 </item>
  </preset>
</jamoma>
