<?xml version='1.0' encoding='iso-8859-1' standalone='yes' ?>

<jamoma version='0.4'
		xmlns:xsi='http://www.w3.org/2001/XMLSchema-instance'
		xsi:schemaLocation='http://jamoma.org/ file:jamoma.xsd'
>
  <preset number='1' name='default'>
    <item name='numChannels' type='integer' priority='2' mixweight='1'>4</item>
    <item name='type' type='string' priority='1' mixweight='0'>source</item>
    <item name='source.1/position' type='array' priority='3' mixweight='1'>4 4 0.000000 </item>
    <item name='source.2/position' type='array' priority='4' mixweight='1'>4 -4 0.000000 </item>
    <item name='source.3/position' type='array' priority='5' mixweight='1'>-4 -4 0.000000 </item>
    <item name='source.4/position' type='array' priority='6' mixweight='1'>-4 4 0.000000 </item>
    <item name='view/freeze' type='boolean' priority='0' mixweight='1'>0</item>
    <item name='view/highlight' type='string' priority='0' mixweight='0'>none</item>
  </preset>
  <preset number='2' name='2 (2-0) channel stereo'>
    <item name='type' type='string' priority='1' mixweight='0'>speaker</item>
    <item name='view/freeze' type='boolean' priority='0' mixweight='1'>0</item>
    <item name='numChannels' type='integer' priority='2' mixweight='1'>2</item>
    <item name='speaker.1/position' type='array' priority='3' mixweight='1'>-2.500000 4.330127 0.000000 </item>
    <item name='speaker.2/position' type='array' priority='4' mixweight='1'>2.500000 4.330127 0.000000 </item>
  </preset>
  <preset number='3' name='3 (3-0) channel stereo'>
    <item name='type' type='string' priority='1' mixweight='0'>speaker</item>
    <item name='view/freeze' type='boolean' priority='0' mixweight='1'>0</item>
    <item name='numChannels' type='integer' priority='2' mixweight='1'>3</item>
    <item name='speaker.1/position' type='array' priority='3' mixweight='1'>-2.500000 4.330127 0.000000 </item>
    <item name='speaker.2/position' type='array' priority='4' mixweight='1'>0.000000 5.000000 0.000000 </item>
    <item name='speaker.3/position' type='array' priority='5' mixweight='1'>2.500000 4.330127 0.000000 </item>
  </preset>
  <preset number='4' name='4 (3-1) channel surround'>
    <item name='type' type='string' priority='1' mixweight='0'>speaker</item>
    <item name='view/freeze' type='boolean' priority='0' mixweight='1'>0</item>
    <item name='numChannels' type='integer' priority='2' mixweight='1'>4</item>
    <item name='speaker.1/position' type='array' priority='3' mixweight='1'>-2.500000 4.330127 0.000000 </item>
    <item name='speaker.2/position' type='array' priority='4' mixweight='1'>0.000000 5.000000 0.000000 </item>
    <item name='speaker.3/position' type='array' priority='5' mixweight='1'>2.500000 4.330127 0.000000 </item>
    <item name='speaker.4/position' type='array' priority='6' mixweight='1'>-0.000000 -5.000000 0.000000 </item>
  </preset>
  <preset number='5' name='ITU 5 (3-2) channel surround'>
    <item name='type' type='string' priority='1' mixweight='0'>speaker</item>
    <item name='view/freeze' type='boolean' priority='0' mixweight='1'>0</item>
    <item name='numChannels' type='integer' priority='2' mixweight='1'>5</item>
    <item name='speaker.1/position' type='array' priority='3' mixweight='1'>-2.500000 4.330127 0.000000 </item>
    <item name='speaker.2/position' type='array' priority='4' mixweight='1'>0.000000 5.000000 0.000000 </item>
    <item name='speaker.3/position' type='array' priority='5' mixweight='1'>2.500000 4.330127 0.000000 </item>
    <item name='speaker.4/position' type='array' priority='6' mixweight='1'>4.698463 -1.710101 0.000000 </item>
    <item name='speaker.5/position' type='array' priority='7' mixweight='1'>-4.698463 -1.710101 0.000000 </item>
  </preset>
  <preset number='6' name='ITU 7 (3-4) channel surround'>
    <item name='type' type='string' priority='1' mixweight='0'>speaker</item>
    <item name='view/freeze' type='boolean' priority='0' mixweight='1'>0</item>
    <item name='numChannels' type='integer' priority='2' mixweight='1'>7</item>
    <item name='speaker.1/position' type='array' priority='3' mixweight='1'>-2.500000 4.330127 0.000000 </item>
    <item name='speaker.2/position' type='array' priority='4' mixweight='1'>0.000000 5.000000 0.000000 </item>
    <item name='speaker.3/position' type='array' priority='5' mixweight='1'>2.500000 4.330127 0.000000 </item>
    <item name='speaker.4/position' type='array' priority='6' mixweight='1'>5.000000 0.000000 0.000000 </item>
    <item name='speaker.5/position' type='array' priority='7' mixweight='1'>2.500000 -4.330127 0.000000 </item>
    <item name='speaker.6/position' type='array' priority='8' mixweight='1'>-2.500000 -4.330127 0.000000 </item>
    <item name='speaker.7/position' type='array' priority='9' mixweight='1'>-5.000000 0.000000 0.000000 </item>
  </preset>
  <preset number='7' name='Rig 2D 4 channels'>
    <item name='type' type='string' priority='1' mixweight='0'>speaker</item>
    <item name='view/freeze' type='boolean' priority='0' mixweight='1'>0</item>
    <item name='numChannels' type='integer' priority='2' mixweight='1'>4</item>
    <item name='speaker.1/position' type='array' priority='3' mixweight='1'>-3.535534 3.535534 0.000000 </item>
    <item name='speaker.2/position' type='array' priority='4' mixweight='1'>3.535534 3.535534 0.000000 </item>
    <item name='speaker.3/position' type='array' priority='5' mixweight='1'>3.535534 -3.535534 0.000000 </item>
    <item name='speaker.4/position' type='array' priority='6' mixweight='1'>-3.535534 -3.535534 0.000000 </item>
  </preset>
  <preset number='8' name='Rig 2D 5 channels'>
    <item name='type' type='string' priority='1' mixweight='0'>speaker</item>
    <item name='view/freeze' type='boolean' priority='0' mixweight='1'>0</item>
    <item name='numChannels' type='integer' priority='2' mixweight='1'>5</item>
    <item name='speaker.1/position' type='array' priority='3' mixweight='1'>-2.938926 4.045085 0.000000 </item>
    <item name='speaker.2/position' type='array' priority='4' mixweight='1'>2.938926 4.045085 0.000000 </item>
    <item name='speaker.3/position' type='array' priority='5' mixweight='1'>4.755282 -1.545085 0.000000 </item>
    <item name='speaker.4/position' type='array' priority='6' mixweight='1'>-0.000000 -5.000000 0.000000 </item>
    <item name='speaker.5/position' type='array' priority='7' mixweight='1'>-4.755282 -1.545085 0.000000 </item>
  </preset>
  <preset number='9' name='Rig 2D 6 channels'>
    <item name='type' type='string' priority='1' mixweight='0'>speaker</item>
    <item name='view/freeze' type='boolean' priority='0' mixweight='1'>0</item>
    <item name='numChannels' type='integer' priority='2' mixweight='1'>6</item>
    <item name='speaker.1/position' type='array' priority='3' mixweight='1'>-2.500000 4.330127 0.000000 </item>
    <item name='speaker.2/position' type='array' priority='4' mixweight='1'>2.500000 4.330127 0.000000 </item>
    <item name='speaker.3/position' type='array' priority='5' mixweight='1'>5.000000 0.000000 0.000000 </item>
    <item name='speaker.4/position' type='array' priority='6' mixweight='1'>2.500000 -4.330127 0.000000 </item>
    <item name='speaker.5/position' type='array' priority='7' mixweight='1'>-2.500000 -4.330127 0.000000 </item>
    <item name='speaker.6/position' type='array' priority='8' mixweight='1'>-5.000000 0.000000 0.000000 </item>
  </preset>
  <preset number='10' name='Rig 2D 8 channels 1'>
    <item name='type' type='string' priority='1' mixweight='0'>speaker</item>
    <item name='view/freeze' type='boolean' priority='0' mixweight='1'>0</item>
    <item name='numChannels' type='integer' priority='2' mixweight='1'>8</item>
    <item name='speaker.1/position' type='array' priority='3' mixweight='1'>-1.913416 4.619398 0.000000 </item>
    <item name='speaker.2/position' type='array' priority='4' mixweight='1'>1.913416 4.619398 0.000000 </item>
    <item name='speaker.3/position' type='array' priority='5' mixweight='1'>4.619398 1.913417 0.000000 </item>
    <item name='speaker.4/position' type='array' priority='6' mixweight='1'>4.619398 -1.913417 0.000000 </item>
    <item name='speaker.5/position' type='array' priority='7' mixweight='1'>1.913416 -4.619398 0.000000 </item>
    <item name='speaker.6/position' type='array' priority='8' mixweight='1'>-1.913416 -4.619398 0.000000 </item>
    <item name='speaker.7/position' type='array' priority='9' mixweight='1'>-4.619398 -1.913417 0.000000 </item>
    <item name='speaker.8/position' type='array' priority='10' mixweight='1'>-4.619398 1.913417 0.000000 </item>
  </preset>
  <preset number='11' name='Rig 2D 8 channels 2'>
    <item name='type' type='string' priority='1' mixweight='0'>speaker</item>
    <item name='view/freeze' type='boolean' priority='0' mixweight='1'>0</item>
    <item name='numChannels' type='integer' priority='2' mixweight='1'>8</item>
    <item name='speaker.1/position' type='array' priority='3' mixweight='1'>0.000000 5.000000 0.000000 </item>
    <item name='speaker.2/position' type='array' priority='4' mixweight='1'>3.535534 3.535534 0.000000 </item>
    <item name='speaker.3/position' type='array' priority='5' mixweight='1'>5.000000 0.000000 0.000000 </item>
    <item name='speaker.4/position' type='array' priority='6' mixweight='1'>3.535534 -3.535534 0.000000 </item>
    <item name='speaker.5/position' type='array' priority='7' mixweight='1'>-0.000000 -5.000000 0.000000 </item>
    <item name='speaker.6/position' type='array' priority='8' mixweight='1'>-3.535534 -3.535534 0.000000 </item>
    <item name='speaker.7/position' type='array' priority='9' mixweight='1'>-5.000000 0.000000 0.000000 </item>
    <item name='speaker.8/position' type='array' priority='10' mixweight='1'>-3.535534 3.535534 0.000000 </item>
  </preset>
  <preset number='12' name='Rig 2D 12 channels'>
    <item name='type' type='string' priority='1' mixweight='0'>speaker</item>
    <item name='view/freeze' type='boolean' priority='0' mixweight='1'>0</item>
    <item name='numSpeakers' type='integer' priority='1' mixweight='1'>12</item>
    <item name='speaker.1/position' type='array' priority='3' mixweight='1'>0.000000 5.000000 0.000000 </item>
    <item name='speaker.2/position' type='array' priority='4' mixweight='1'>2.500000 4.330127 0.000000 </item>
    <item name='speaker.3/position' type='array' priority='5' mixweight='1'>4.330127 2.500000 0.000000 </item>
    <item name='speaker.4/position' type='array' priority='6' mixweight='1'>5.000000 0.000000 0.000000 </item>
    <item name='speaker.5/position' type='array' priority='7' mixweight='1'>4.330127 -2.500000 0.000000 </item>
    <item name='speaker.6/position' type='array' priority='8' mixweight='1'>2.500000 -4.330127 0.000000 </item>
    <item name='speaker.7/position' type='array' priority='9' mixweight='1'>0.000000 -5.000000 0.000000 </item>
    <item name='speaker.8/position' type='array' priority='10' mixweight='1'>-2.500000 -4.330127 0.000000 </item>
    <item name='speaker.9/position' type='array' priority='11' mixweight='1'>-4.330127 -2.500000 0.000000 </item>
    <item name='speaker.10/position' type='array' priority='12' mixweight='1'>-5.000000 -0.000000 0.000000 </item>
    <item name='speaker.11/position' type='array' priority='13' mixweight='1'>-4.330127 2.500000 0.000000 </item>
    <item name='speaker.12/position' type='array' priority='14' mixweight='1'>-2.500000 4.330127 0.000000 </item>
    <item name='view/freeze' type='boolean' priority='0' mixweight='1'>0</item>
  </preset>
  <preset number='13' name='Rig 2D 16 channels'>
    <item name='type' type='string' priority='1' mixweight='0'>speaker</item>
    <item name='view/freeze' type='boolean' priority='0' mixweight='1'>0</item>
    <item name='numSpeakers' type='integer' priority='1' mixweight='1'>16</item>
    <item name='speaker.1/position' type='array' priority='3' mixweight='1'>0.000000 5.000000 0.000000 </item>
    <item name='speaker.2/position' type='array' priority='4' mixweight='1'>1.913417 4.619398 0.000000 </item>
    <item name='speaker.3/position' type='array' priority='5' mixweight='1'>3.535534 3.535534 0.000000 </item>
    <item name='speaker.4/position' type='array' priority='6' mixweight='1'>4.619398 1.913417 0.000000 </item>
    <item name='speaker.5/position' type='array' priority='7' mixweight='1'>5.000000 0.000000 0.000000 </item>
    <item name='speaker.6/position' type='array' priority='8' mixweight='1'>4.619398 -1.913417 0.000000 </item>
    <item name='speaker.7/position' type='array' priority='9' mixweight='1'>3.535534 -3.535534 0.000000 </item>
    <item name='speaker.8/position' type='array' priority='10' mixweight='1'>1.913417 -4.619398 0.000000 </item>
    <item name='speaker.9/position' type='array' priority='11' mixweight='1'>0.000000 -5.000000 0.000000 </item>
    <item name='speaker.10/position' type='array' priority='12' mixweight='1'>-1.913417 -4.619398 0.000000 </item>
    <item name='speaker.11/position' type='array' priority='13' mixweight='1'>-3.535534 -3.535534 0.000000 </item>
    <item name='speaker.12/position' type='array' priority='14' mixweight='1'>-4.619398 -1.913417 0.000000 </item>
    <item name='speaker.13/position' type='array' priority='15' mixweight='1'>-5.000000 -0.000000 0.000000 </item>
    <item name='speaker.14/position' type='array' priority='16' mixweight='1'>-4.619398 1.913417 0.000000 </item>
    <item name='speaker.15/position' type='array' priority='17' mixweight='1'>-3.535534 3.535534 0.000000 </item>
    <item name='speaker.16/position' type='array' priority='18' mixweight='1'>-1.913417 4.619398 0.000000 </item>
  </preset>
  <preset number='14' name='Rig 3D 8 channels (Cube)'>
    <item name='type' type='string' priority='1' mixweight='0'>speaker</item>
    <item name='view/freeze' type='boolean' priority='0' mixweight='1'>0</item>
    <item name='numChannels' type='integer' priority='2' mixweight='1'>8</item>
    <item name='speaker.1/position' type='array' priority='3' mixweight='1'>-2.896140 2.896140 2.867882 </item>
    <item name='speaker.2/position' type='array' priority='4' mixweight='1'>2.896140 2.896140 2.867882 </item>
    <item name='speaker.3/position' type='array' priority='5' mixweight='1'>2.896140 -2.896140 2.867882 </item>
    <item name='speaker.4/position' type='array' priority='6' mixweight='1'>-2.896140 -2.896140 2.867882 </item>
    <item name='speaker.5/position' type='array' priority='7' mixweight='1'>-2.896140 2.896140 -2.867882 </item>
    <item name='speaker.6/position' type='array' priority='8' mixweight='1'>2.896140 2.896140 -2.867882 </item>
    <item name='speaker.7/position' type='array' priority='9' mixweight='1'>2.896140 -2.896140 -2.867882 </item>
    <item name='speaker.8/position' type='array' priority='10' mixweight='1'>-2.896140 -2.896140 -2.867882 </item>
  </preset>
  <preset number='15' name='Rig 3D 12 channels (Dodecahedron1)'>
    <item name='type' type='string' priority='1' mixweight='0'>speaker</item>
    <item name='view/freeze' type='boolean' priority='0' mixweight='1'>0</item>
    <item name='numChannels' type='integer' priority='2' mixweight='1'>12</item>
    <item name='speaker.1/position' type='array' priority='3' mixweight='1'>-0.000000 0.000000 5.000000 </item>
    <item name='speaker.2/position' type='array' priority='4' mixweight='1'>-0.000000 0.000000 -5.000000 </item>
    <item name='speaker.3/position' type='array' priority='5' mixweight='1'>-2.630147 3.620085 2.230989 </item>
    <item name='speaker.4/position' type='array' priority='6' mixweight='1'>2.630147 -3.620086 -2.230989 </item>
    <item name='speaker.5/position' type='array' priority='7' mixweight='1'>2.630147 3.620085 2.230989 </item>
    <item name='speaker.6/position' type='array' priority='8' mixweight='1'>-2.630147 -3.620086 -2.230989 </item>
    <item name='speaker.7/position' type='array' priority='9' mixweight='1'>-4.255666 -1.382750 2.230989 </item>
    <item name='speaker.8/position' type='array' priority='10' mixweight='1'>4.255666 1.382748 -2.230989 </item>
    <item name='speaker.9/position' type='array' priority='11' mixweight='1'>4.255666 -1.382750 2.230989 </item>
    <item name='speaker.10/position' type='array' priority='12' mixweight='1'>-4.255666 1.382749 -2.230989 </item>
    <item name='speaker.11/position' type='array' priority='13' mixweight='1'>-0.000000 -4.474672 2.230989 </item>
    <item name='speaker.12/position' type='array' priority='14' mixweight='1'>0.000000 4.474672 -2.230989 </item>
  </preset>
  <preset number='16' name='Rig 3D 12 channels 2 (Dodecahedron 2)'>
    <item name='type' type='string' priority='1' mixweight='0'>speaker</item>
    <item name='view/freeze' type='boolean' priority='0' mixweight='1'>0</item>
    <item name='numChannels' type='integer' priority='2' mixweight='1'>12</item>
    <item name='speaker.1/position' type='array' priority='3' mixweight='1'>0.000000 5.000000 0.000000 </item>
    <item name='speaker.2/position' type='array' priority='4' mixweight='1'>-0.000000 -5.000000 0.000000 </item>
    <item name='speaker.3/position' type='array' priority='5' mixweight='1'>0.000000 2.230989 -4.474672 </item>
    <item name='speaker.4/position' type='array' priority='6' mixweight='1'>-0.000000 -2.230989 4.474672 </item>
    <item name='speaker.5/position' type='array' priority='7' mixweight='1'>-4.263248 2.219306 -1.378187 </item>
    <item name='speaker.6/position' type='array' priority='8' mixweight='1'>4.263247 -2.219306 1.378187 </item>
    <item name='speaker.7/position' type='array' priority='9' mixweight='1'>4.263247 2.219306 -1.378187 </item>
    <item name='speaker.8/position' type='array' priority='10' mixweight='1'>-4.263247 -2.219306 1.378187 </item>
    <item name='speaker.9/position' type='array' priority='11' mixweight='1'>-2.617144 2.235253 3.626872 </item>
    <item name='speaker.10/position' type='array' priority='12' mixweight='1'>2.617144 -2.235253 -3.626872 </item>
    <item name='speaker.11/position' type='array' priority='13' mixweight='1'>2.617144 2.235253 3.626872 </item>
    <item name='speaker.12/position' type='array' priority='14' mixweight='1'>-2.617144 -2.235253 -3.626872 </item>
  </preset>
</jamoma>
