<?xml version='1.0' encoding='iso-8859-1' standalone='yes' ?>

<jamoma version='0.4'
		xmlns:xsi='http://www.w3.org/2001/XMLSchema-instance'
		xsi:schemaLocation='http://jamoma.org/ file:jamoma.xsd'
>
  <preset number='1' name='default'>
    <item name='audio/gain' type='decimal' priority='0'>100.000000</item>
    <item name='audio/mute' type='boolean' priority='0'>0</item>
    <item name='center/curve' type='decimal' priority='0'>0.000000</item>
    <item name='center/decay' type='decimal' priority='0'>0.000000</item>
    <item name='center/size' type='decimal' priority='0'>0.000000</item>
    <item name='flavor' type='string' priority='0'>Furse-Malham</item>
    <item name='interpolation' type='boolean' priority='0'>0</item>
    <item name='numSources' type='integer' priority='1'>3</item>
    <item name='numSpeakers' type='integer' priority='3'>8</item>
    <item name='order' type='integer' priority='0'>3</item>
    <item name='source.1/order' type='integer' priority='0'>3</item>
    <item name='source.10/order' type='integer' priority='0'>1</item>
    <item name='source.11/order' type='integer' priority='0'>1</item>
    <item name='source.12/order' type='integer' priority='0'>1</item>
    <item name='source.13/order' type='integer' priority='0'>1</item>
    <item name='source.14/order' type='integer' priority='0'>1</item>
    <item name='source.15/order' type='integer' priority='0'>1</item>
    <item name='source.16/order' type='integer' priority='0'>1</item>
    <item name='source.17/order' type='integer' priority='0'>1</item>
    <item name='source.18/order' type='integer' priority='0'>1</item>
    <item name='source.19/order' type='integer' priority='0'>1</item>
    <item name='source.2/order' type='integer' priority='0'>1</item>
    <item name='source.20/order' type='integer' priority='0'>1</item>
    <item name='source.21/order' type='integer' priority='0'>1</item>
    <item name='source.22/order' type='integer' priority='0'>1</item>
    <item name='source.23/order' type='integer' priority='0'>1</item>
    <item name='source.24/order' type='integer' priority='0'>1</item>
    <item name='source.25/order' type='integer' priority='0'>1</item>
    <item name='source.26/order' type='integer' priority='0'>1</item>
    <item name='source.27/order' type='integer' priority='0'>1</item>
    <item name='source.28/order' type='integer' priority='0'>1</item>
    <item name='source.29/order' type='integer' priority='0'>1</item>
    <item name='source.3/order' type='integer' priority='0'>1</item>
    <item name='source.30/order' type='integer' priority='0'>1</item>
    <item name='source.31/order' type='integer' priority='0'>1</item>
    <item name='source.32/order' type='integer' priority='0'>1</item>
    <item name='source.4/order' type='integer' priority='0'>1</item>
    <item name='source.5/order' type='integer' priority='0'>1</item>
    <item name='source.6/order' type='integer' priority='0'>1</item>
    <item name='source.7/order' type='integer' priority='0'>1</item>
    <item name='source.8/order' type='integer' priority='0'>1</item>
    <item name='source.9/order' type='integer' priority='0'>1</item>
    <item name='view/freeze' type='boolean' priority='0'>0</item>

  </preset>
</jamoma>
