<?xml version='1.0' encoding='iso-8859-1' standalone='yes' ?>

<jamoma version='0.4'
		xmlns:xsi='http://www.w3.org/2001/XMLSchema-instance'
		xsi:schemaLocation='http://jamoma.org/ file:jamoma.xsd'
>
  <preset number='1' name='default'>
    <item name='audio/bypass' type='boolean' priority='0' mixweight='1'>0</item>
    <item name='audio/mix' type='decimal' priority='0' mixweight='1'>100.000000</item>
    <item name='hardness' type='decimal' priority='0' mixweight='1'>0.000000</item>
    <item name='mode' type='integer' priority='0' mixweight='1'>0</item>
    <item name='pause_ambitus/center' type='decimal' priority='0' mixweight='1'>0.299000</item>
    <item name='pause_ambitus/deviation' type='decimal' priority='0' mixweight='1'>0.181000</item>
    <item name='time_ambitus/center' type='decimal' priority='0' mixweight='1'>0.409500</item>
    <item name='time_ambitus/deviation' type='decimal' priority='0' mixweight='1'>0.180500</item>
    <item name='view/color/border' type='array' priority='0' mixweight='1'>0</item>
    <item name='view/color/contentBackground' type='array' priority='0' mixweight='1'>0</item>
    <item name='view/color/toolbarBackground' type='array' priority='0' mixweight='1'>0</item>
    <item name='view/color/toolbarText' type='array' priority='0' mixweight='1'>0</item>
    <item name='view/freeze' type='boolean' priority='0' mixweight='1'>0</item>
    <item name='view/size' type='array' priority='0'>300 70 </item>
    <item name='volume_ambitus/center' type='decimal' priority='0' mixweight='1'>0.499000</item>
    <item name='volume_ambitus/deviation' type='decimal' priority='0' mixweight='1'>0.499000</item>
  </preset>
</jamoma>
