<?xml version='1.0' encoding='iso-8859-1' standalone='yes' ?>

<jamoma version='0.4'
		xmlns:xsi='http://www.w3.org/2001/XMLSchema-instance'
		xsi:schemaLocation='http://jamoma.org/ file:jamoma.xsd'
>
  <preset number='1' name='default'>
    <item name='color.1' type='array' priority='0'>0.000000 100.000000 50.000000 </item>
    <item name='color.10' type='array' priority='0'>270.000000 100.000000 50.000000 </item>
    <item name='color.11' type='array' priority='0'>300.000000 100.000000 50.000000 </item>
    <item name='color.12' type='array' priority='0'>330.000000 100.000000 50.000000 </item>
    <item name='color.2' type='array' priority='0'>120.000000 100.000000 50.000000 </item>
    <item name='color.3' type='array' priority='0'>240.000000 100.000000 50.000000 </item>
    <item name='color.4' type='array' priority='0'>90.000000 100.000000 50.000000 </item>
    <item name='color.5' type='array' priority='0'>120.000000 100.000000 50.000000 </item>
    <item name='color.6' type='array' priority='0'>150.000000 100.000000 50.000000 </item>
    <item name='color.7' type='array' priority='0'>180.000000 100.000000 50.000000 </item>
    <item name='color.8' type='array' priority='0'>210.000000 100.000000 50.000000 </item>
    <item name='color.9' type='array' priority='0'>240.000000 100.000000 50.000000 </item>
    <item name='numberOfColors' type='integer' priority='1' mixweight='1'>3</item>
    <item name='view/freeze' type='boolean' priority='0' mixweight='1'>0</item>

  </preset>
</jamoma>
