<?xml version='1.0' encoding='iso-8859-1' standalone='yes' ?>

<jamoma version='0.4'
		xmlns:xsi='http://www.w3.org/2001/XMLSchema-instance'
		xsi:schemaLocation='http://jamoma.org/ file:jamoma.xsd'
>
  <preset number='1' name='default'>
    <item name='filter/active' type='boolean' priority='0'>0</item>
    <item name='filter/threshold' type='decimal' priority='0'>0</item>
    <item name='mode' type='integer' priority='0'>2</item>
    <item name='noise/active' type='boolean' priority='0'>1</item>
    <item name='noise/threshold' type='decimal' priority='0'>100.000000</item>
    <item name='record' type='integer' priority='0'>0</item>
    <item name='view/freeze' type='boolean' priority='0'>0</item>
    <item name='video/bypass' type='boolean' priority='0'>0</item>
    <item name='video/freeze' type='boolean' priority='0'>0</item>
    <item name='video/mute' type='boolean' priority='0'>0</item>
    <item name='video/preview' type='boolean' priority='0'>0</item>
  </preset>
</jamoma>
