<?xml version="1.0" encoding="iso-8859-1" standalone="yes"?>

<jamoma version="0.4" 
	xmlns:xsi="http://www.w3.org/2001/XMLSchema-instance"
	xsi:schemaLocation="http://jamoma.org/ file:jamoma.xsd"
>
	
	<preset number="1" name="default">
		<item name="mapFrom" type="integer">0</item>
		<item name="mapTo" type="integer">0</item>
		<item name="mapAlgorithm" type="integer">0</item>
		<item name="mapFromReturn" type="integer">0</item>
		<item name="mapToReturn" type="integer">0</item>
    </preset>
</jamoma>
