<?xml version='1.0' encoding='iso-8859-1' standalone='yes' ?>

<jamoma version='0.4'
		xmlns:xsi='http://www.w3.org/2001/XMLSchema-instance'
		xsi:schemaLocation='http://jamoma.org/ file:jamoma.xsd'
>
  <preset number='1' name='default'>
    <item name='attenation' type='decimal' priority='0'>-2.500000</item>
    <item name='bypass' type='boolean' priority='0'>0</item>
    <item name='delay' type='decimal' priority='0'>70.000000</item>
    <item name='gain' type='decimal' priority='0'>100.000000</item>
    <item name='lowMid' type='integer' priority='0'>250</item>
    <item name='midHigh' type='integer' priority='0'>7000</item>
    <item name='mute' type='boolean' priority='0'>0</item>
    <item name='sidechain' type='decimal' priority='0'>0.000000</item>
    <item name='view/freeze' type='boolean' priority='0'>0</item>

  </preset>
</jamoma>
