<?xml version='1.0' encoding='iso-8859-1' standalone='yes' ?>

<jamoma version='0.4'
		xmlns:xsi='http://www.w3.org/2001/XMLSchema-instance'
		xsi:schemaLocation='http://jamoma.org/ file:jamoma.xsd'
>
  <preset number='1' name='default'>
    <item name='amount' type='generic' priority='0'>0.649351 2.000000 </item>
    <item name='gain' type='decimal' priority='0'>100.000000</item>
    <item name='mode' type='integer' priority='0'>0</item>
    <item name='mute' type='boolean' priority='0'>0</item>
    <item name='notevalue' type='generic' priority='0'>0</item>
    <item name='range' type='integer' priority='0'>61</item>
    <item name='scale' type='decimal' priority='0'>0</item>
    <item name='value' type='integer' priority='0'>75</item>
    <item name='view/color/border' type='array' priority='0'>0</item>
    <item name='view/color/contentBackground' type='array' priority='0'>0</item>
    <item name='view/color/toolbarBackground' type='array' priority='0'>0</item>
    <item name='view/color/toolbarText' type='array' priority='0'>0</item>
    <item name='view/freeze' type='boolean' priority='0'>0</item>
    <item name='view/size' type='array' priority='0'>300 70 </item>
    <item name='wave' type='integer' priority='0'>0</item>
  </preset>
</jamoma>
