<?xml version='1.0' encoding='iso-8859-1' standalone='yes' ?>

<jamoma version='0.4'
		xmlns:xsi='http://www.w3.org/2001/XMLSchema-instance'
		xsi:schemaLocation='http://jamoma.org/ file:jamoma.xsd'
>
  <preset number='1' name='default'>
    <item name='chromakey/tolerance' type='decimal'>0.200000</item>
    <item name='chromakey/minkey' type='decimal'>0.0000</item>
    <item name='chromakey/maxkey' type='decimal'>1.0000</item>
		<item name='chromakey/color' type='array'>0.247059 0.419608 0.100000</item>
    <item name='chromakey/fade' type='decimal'>0.100000</item>
    <item name='chromakey/alphaignore' type='boolean'>1</item>
    <item name='video/preview' type='boolean'>0</item>
    <item name='video/mute' type='boolean'>0</item>
    <item name='video/freeze' type='boolean'>0</item>
    <item name='video/bypass' type='boolean'>0</item>
  </preset>
</jamoma>
