<?xml version='1.0' encoding='iso-8859-1' standalone='yes' ?>

<jamoma version='0.4'
		xmlns:xsi='http://www.w3.org/2001/XMLSchema-instance'
		xsi:schemaLocation='http://jamoma.org/ file:jamoma.xsd'
>
  <preset number='1' name='default'>
    <item name='1/delay/max' type='decimal' priority='0' mixweight='1'>0</item>
    <item name='1/delay/min' type='decimal' priority='0' mixweight='1'>0</item>
    <item name='1/gain/max' type='decimal' priority='0' mixweight='1'>0</item>
    <item name='1/gain/min' type='decimal' priority='0' mixweight='1'>0</item>
    <item name='1/pan/max' type='decimal' priority='0' mixweight='1'>0</item>
    <item name='1/pan/min' type='decimal' priority='0' mixweight='1'>0</item>
    <item name='1/shift/max' type='decimal' priority='0' mixweight='1'>0</item>
    <item name='1/shift/min' type='decimal' priority='0' mixweight='1'>0</item>
    <item name='2/delay/max' type='decimal' priority='0' mixweight='1'>0</item>
    <item name='2/delay/min' type='decimal' priority='0' mixweight='1'>0</item>
    <item name='2/gain/max' type='decimal' priority='0' mixweight='1'>0</item>
    <item name='2/gain/min' type='decimal' priority='0' mixweight='1'>0</item>
    <item name='2/pan/max' type='decimal' priority='0' mixweight='1'>0</item>
    <item name='2/pan/min' type='decimal' priority='0' mixweight='1'>0</item>
    <item name='2/shift/max' type='decimal' priority='0' mixweight='1'>0</item>
    <item name='2/shift/min' type='decimal' priority='0' mixweight='1'>0</item>
    <item name='3/delay/max' type='decimal' priority='0' mixweight='1'>0</item>
    <item name='3/delay/min' type='decimal' priority='0' mixweight='1'>0</item>
    <item name='3/gain/max' type='decimal' priority='0' mixweight='1'>0</item>
    <item name='3/gain/min' type='decimal' priority='0' mixweight='1'>0</item>
    <item name='3/pan/max' type='decimal' priority='0' mixweight='1'>0</item>
    <item name='3/pan/min' type='decimal' priority='0' mixweight='1'>0</item>
    <item name='3/shift/max' type='decimal' priority='0' mixweight='1'>0</item>
    <item name='3/shift/min' type='decimal' priority='0' mixweight='1'>0</item>
    <item name='4/delay/max' type='decimal' priority='0' mixweight='1'>0</item>
    <item name='4/delay/min' type='decimal' priority='0' mixweight='1'>0</item>
    <item name='4/gain/max' type='decimal' priority='0' mixweight='1'>0</item>
    <item name='4/gain/min' type='decimal' priority='0' mixweight='1'>0</item>
    <item name='4/pan/max' type='decimal' priority='0' mixweight='1'>0</item>
    <item name='4/pan/min' type='decimal' priority='0' mixweight='1'>0</item>
    <item name='4/shift/max' type='decimal' priority='0' mixweight='1'>0</item>
    <item name='4/shift/min' type='decimal' priority='0' mixweight='1'>0</item>
    <item name='audio/bypass' type='boolean' priority='0' mixweight='1'>0</item>
    <item name='audio/gain' type='decimal' priority='0' mixweight='1'>0</item>
    <item name='audio/mix' type='decimal' priority='0' mixweight='1'>0</item>
    <item name='audio/mute' type='boolean' priority='0' mixweight='1'>0</item>
    <item name='view/color/border' type='array' priority='0' mixweight='1'>0</item>
    <item name='view/color/contentBackground' type='array' priority='0' mixweight='1'>0</item>
    <item name='view/color/toolbarBackground' type='array' priority='0' mixweight='1'>0</item>
    <item name='view/color/toolbarText' type='array' priority='0' mixweight='1'>0</item>
    <item name='view/freeze' type='boolean' priority='0' mixweight='1'>0</item>
    <item name='view/size' type='array' priority='0' mixweight='1'>150 70 </item>
  </preset>
</jamoma>
