<?xml version='1.0' encoding='iso-8859-1' standalone='yes' ?>

<jamoma version='0.4'
		xmlns:xsi='http://www.w3.org/2001/XMLSchema-instance'
		xsi:schemaLocation='http://jamoma.org/ file:jamoma.xsd'
>
  <preset number='1' name='2 Mics - AB 1 meter'>
    <item name='microphone.1/active' type='boolean' priority='4'>1</item>
    <item name='microphone.1/directivity/preset' type='string' priority='3'>omni</item>
    <item name='microphone.1/gain' type='decimal' priority='5'>100.000000</item>
    <item name='microphone.1/orientation' type='array' priority='2'>0. 0.</item>
    <item name='microphone.1/position' type='array' priority='1'>-0.5000000 0.000000 0.000000 </item>      
    <item name='microphone.2/active' type='boolean' priority='14'>1</item>
    <item name='microphone.2/directivity/preset' type='string' priority='13'>omni</item>
    <item name='microphone.2/gain' type='decimal' priority='15'>100.000000</item>
    <item name='microphone.2/orientation' type='array' priority='12'>0. 0.</item>
    <item name='microphone.2/position' type='array' priority='11'>0.5000000 0.000000 0.000000 </item>  
    <item name='microphones/polarity' type='boolean' priority='0'>1</item> 
    <item name='microphones/amount' type='integer' priority='301'>2</item>
    <item name='microphones/directivity/power' type='integer' priority='0'>1</item>
  </preset>  

  <preset number='2' name='2 Mics - AB 0.4 meter'>
    <item name='microphone.1/active' type='boolean' priority='4'>1</item>
    <item name='microphone.1/directivity/preset' type='string' priority='3'>omni</item>
    <item name='microphone.1/gain' type='decimal' priority='5'>100.000000</item>
    <item name='microphone.1/orientation' type='array' priority='2'>0. 0. </item>
    <item name='microphone.1/position' type='array' priority='1'>-0.2000000 0.000000 0.000000 </item>      
    <item name='microphone.2/active' type='boolean' priority='14'>1</item>
    <item name='microphone.2/directivity/preset' type='string' priority='13'>omni</item>
    <item name='microphone.2/gain' type='decimal' priority='15'>100.000000</item>
    <item name='microphone.2/orientation' type='array' priority='12'>0. 0.</item>
    <item name='microphone.2/position' type='array' priority='11'>0.2000000 0.000000 0.000000 </item> 
    <item name='microphones/polarity' type='boolean' priority='0'>1</item> 
    <item name='microphones/amount' type='integer' priority='301'>2</item>
    <item name='microphones/directivity/power' type='integer' priority='0'>1</item>
  </preset>  

  <preset number='3' name='2 Mics - ORTF'>
    <item name='microphone.1/active' type='boolean' priority='4'>1</item>
    <item name='microphone.1/directivity/preset' type='string' priority='3'>cardioid</item>
    <item name='microphone.1/gain' type='decimal' priority='5'>100.000000</item>
    <item name='microphone.1/orientation' type='array' priority='2'>-55.0 0.</item>
    <item name='microphone.1/position' type='array' priority='1'>-0.0600000 0.000000 0.000000 </item>      
    <item name='microphone.2/active' type='boolean' priority='14'>1</item>
    <item name='microphone.2/directivity/preset' type='string' priority='13'>cardioid</item>
    <item name='microphone.2/gain' type='decimal' priority='15'>100.000000</item>
    <item name='microphone.2/orientation' type='array' priority='12'>55.0 0.</item>
    <item name='microphone.2/position' type='array' priority='11'>0.0600000 0.000000 0.000000 </item> 
    <item name='microphones/polarity' type='boolean' priority='0'>1</item> 
    <item name='microphones/amount' type='integer' priority='301'>2</item>
    <item name='microphones/directivity/power' type='integer' priority='0'>1</item>
  </preset>  

  <preset number='4' name='2 Mics - XY'>
    <item name='microphone.1/active' type='boolean' priority='4'>1</item>
    <item name='microphone.1/directivity/preset' type='string' priority='3'>cardioid</item>
    <item name='microphone.1/gain' type='decimal' priority='5'>100.000000</item>
    <item name='microphone.1/orientation' type='array' priority='2'>-45.0 0.</item>
    <item name='microphone.1/position' type='array' priority='1'>-0.000000 0.000000 0.000000 </item>      
    <item name='microphone.2/active' type='boolean' priority='14'>1</item>
    <item name='microphone.2/directivity/preset' type='string' priority='13'>cardioid</item>
    <item name='microphone.2/gain' type='decimal' priority='15'>100.000000</item>
    <item name='microphone.2/orientation' type='array' priority='12'>45.0 0.</item>
    <item name='microphone.2/position' type='array' priority='11'>0.000000 0.000000 0.000000 </item> 
    <item name='microphones/polarity' type='boolean' priority='0'>1</item> 
    <item name='microphones/amount' type='integer' priority='301'>2</item>
    <item name='microphones/directivity/power' type='integer' priority='0'>1</item>
  </preset>   
  
 <preset number='5' name='2 Mics - Blumlein'>     
    <item name='microphone.1/active' type='boolean' priority='4'>1</item>
    <item name='microphone.1/directivity/preset' type='string' priority='3'>figure-eight</item>
    <item name='microphone.1/gain' type='decimal' priority='5'>100.000000</item>
    <item name='microphone.1/orientation' type='array' priority='2'>-45.0 0.</item>
    <item name='microphone.1/position' type='array' priority='1'>-0.000000 0.000000 0.000000 </item>      
    <item name='microphone.2/active' type='boolean' priority='14'>1</item>
    <item name='microphone.2/directivity/preset' type='string' priority='13'>figure-eight</item>
    <item name='microphone.2/gain' type='decimal' priority='15'>100.000000</item>
    <item name='microphone.2/orientation' type='array' priority='12'>45.0 0.</item>
    <item name='microphone.2/position' type='array' priority='11'>0.000000 0.000000 0.000000 </item>  
    <item name='microphones/polarity' type='boolean' priority='0'>1</item> 
    <item name='microphones/amount' type='integer' priority='301'>2</item>
    <item name='microphones/directivity/power' type='integer' priority='0'>1</item>
  </preset>

  <preset number='6' name='2 Mics - MS'>
    <item name='microphone.1/active' type='boolean' priority='4'>1</item>
    <item name='microphone.1/directivity/preset' type='string' priority='3'>omni</item>
    <item name='microphone.1/gain' type='decimal' priority='5'>100.000000</item>
    <item name='microphone.1/orientation' type='array' priority='2'>0.0 0.</item>
    <item name='microphone.1/position' type='array' priority='1'>-0.000000 0.000000 0.000000 </item>      
    <item name='microphone.2/active' type='boolean' priority='14'>1</item>
    <item name='microphone.2/directivity/preset' type='string' priority='13'>figure-eight</item>
    <item name='microphone.2/gain' type='decimal' priority='15'>100.000000</item>
    <item name='microphone.2/orientation' type='array' priority='12'>0. 0.</item>
    <item name='microphone.2/position' type='array' priority='11'>0.000000 0.000000 0.000000 </item>   
    <item name='microphones/polarity' type='boolean' priority='0'>1</item> 
    <item name='microphones/amount' type='integer' priority='301'>2</item>
    <item name='microphones/directivity/power' type='integer' priority='0'>1</item>
  </preset> 

 <preset number='7' name='3 Mics - INA 3'>
    <item name='microphone.1/active' type='boolean' priority='4'>1</item>
    <item name='microphone.1/directivity/preset' type='string' priority='3'>cardioid</item>
    <item name='microphone.1/gain' type='decimal' priority='5'>100.000000</item>
    <item name='microphone.1/orientation' type='array' priority='2'>-60.0 0.</item>
    <item name='microphone.1/position' type='array' priority='1'>-0.460000 0.000000 0.000000 </item>      
    <item name='microphone.2/active' type='boolean' priority='14'>1</item>
    <item name='microphone.2/directivity/preset' type='string' priority='13'>cardioid</item>
    <item name='microphone.2/gain' type='decimal' priority='15'>100.000000</item>
    <item name='microphone.2/orientation' type='array' priority='12'>0. 0.</item>
    <item name='microphone.2/position' type='array' priority='11'>0.00000 0.270000 0.000000 </item>  
    <item name='microphone.3/active' type='boolean' priority='24'>1</item>
    <item name='microphone.3/directivity/preset' type='string' priority='23'>cardioid</item>
    <item name='microphone.3/gain' type='decimal' priority='25'>100.000000</item>
    <item name='microphone.3/orientation' type='array' priority='22'>60. 0.</item>
    <item name='microphone.3/position' type='array' priority='21'>0.46000 0.00000 0.000000 </item>    
    <item name='microphones/polarity' type='boolean' priority='0'>1</item> 
    <item name='microphones/amount' type='integer' priority='301'>3</item>
    <item name='microphones/directivity/power' type='integer' priority='0'>1</item>
  </preset>

 <preset number='8' name='3 Mics - Klepko'>
    <item name='microphone.1/active' type='boolean' priority='4'>1</item>
    <item name='microphone.1/directivity/preset' type='string' priority='3'>supercardioid</item>
    <item name='microphone.1/gain' type='decimal' priority='5'>100.000000</item>
    <item name='microphone.1/orientation' type='array' priority='2'>-30.0 0.</item>
    <item name='microphone.1/position' type='array' priority='1'>-0.1750 0.000000 0.000000 </item>      
    <item name='microphone.2/active' type='boolean' priority='14'>1</item>
    <item name='microphone.2/directivity/preset' type='string' priority='13'>supercardioid</item>
    <item name='microphone.2/gain' type='decimal' priority='15'>100.000000</item>
    <item name='microphone.2/orientation' type='array' priority='12'>0. 0.</item>
    <item name='microphone.2/position' type='array' priority='11'>0.00000 0.0000 0.000000 </item>  
    <item name='microphone.3/active' type='boolean' priority='24'>1</item>
    <item name='microphone.3/directivity/preset' type='string' priority='23'>supercardioid</item>
    <item name='microphone.3/gain' type='decimal' priority='25'>100.000000</item>
    <item name='microphone.3/orientation' type='array' priority='22'>30.0 0.</item>
    <item name='microphone.3/position' type='array' priority='21'>0.1750 0.00000 0.000000 </item>   
    <item name='microphones/polarity' type='boolean' priority='0'>1</item> 
    <item name='microphones/amount' type='integer' priority='301'>3</item>
    <item name='microphones/directivity/power' type='integer' priority='0'>1</item>
  </preset>

 <preset number='9' name='3 Mics - OCT 0.4 meter'>
    <item name='microphone.1/active' type='boolean' priority='4'>1</item>
    <item name='microphone.1/directivity/preset' type='string' priority='3'>supercardioid</item>
    <item name='microphone.1/gain' type='decimal' priority='5'>100.000000</item>
    <item name='microphone.1/orientation' type='array' priority='2'>-90.0 0.</item>
    <item name='microphone.1/position' type='array' priority='1'>-0.200000 0.000000 0.000000 </item>      
    <item name='microphone.2/active' type='boolean' priority='14'>1</item>
    <item name='microphone.2/directivity/preset' type='string' priority='13'>cardioid</item>
    <item name='microphone.2/gain' type='decimal' priority='15'>100.000000</item>
    <item name='microphone.2/orientation' type='array' priority='12'>0. 0.</item>
    <item name='microphone.2/position' type='array' priority='11'>0.00000 0.080000 0.000000 </item>  
    <item name='microphone.3/active' type='boolean' priority='24'>1</item>
    <item name='microphone.3/directivity/preset' type='string' priority='23'>supercardioid</item>
    <item name='microphone.3/gain' type='decimal' priority='25'>100.000000</item>
    <item name='microphone.3/orientation' type='array' priority='22'>90. 0.</item>
    <item name='microphone.3/position' type='array' priority='21'>0.20000 0.00000 0.000000 </item> 
    <item name='microphones/polarity' type='boolean' priority='0'>1</item> 
    <item name='microphones/amount' type='integer' priority='301'>3</item>
    <item name='microphones/directivity/power' type='integer' priority='0'>1</item>
  </preset>

 <preset number='10' name='3 Mics - OCT 0.7 meter'>
    <item name='microphone.1/active' type='boolean' priority='4'>1</item>
    <item name='microphone.1/directivity/preset' type='string' priority='3'>supercardioid</item>
    <item name='microphone.1/gain' type='decimal' priority='5'>100.000000</item>
    <item name='microphone.1/orientation' type='array' priority='2'>-90.0 0.</item>
    <item name='microphone.1/position' type='array' priority='1'>-0.350000 0.000000 0.000000 </item>      
    <item name='microphone.2/active' type='boolean' priority='14'>1</item>
    <item name='microphone.2/directivity/preset' type='string' priority='13'>cardioid</item>
    <item name='microphone.2/gain' type='decimal' priority='15'>100.000000</item>
    <item name='microphone.2/orientation' type='array' priority='12'>0. 0.</item>
    <item name='microphone.2/position' type='array' priority='11'>0.00000 0.080000 0.000000 </item>  
    <item name='microphone.3/active' type='boolean' priority='24'>1</item>
    <item name='microphone.3/directivity/preset' type='string' priority='23'>supercardioid</item>
    <item name='microphone.3/gain' type='decimal' priority='25'>100.000000</item>
    <item name='microphone.3/orientation' type='array' priority='22'>90. 0.</item>
    <item name='microphone.3/position' type='array' priority='21'>0.35000 0.00000 0.000000 </item>  
    <item name='microphones/polarity' type='boolean' priority='0'>1</item> 
    <item name='microphones/amount' type='integer' priority='301'>3</item>
    <item name='microphones/directivity/power' type='integer' priority='0'>1</item>
  </preset>
 
 <preset number='11' name='3 Mics - OCT 0.9 meter'>
    <item name='microphone.1/active' type='boolean' priority='4'>1</item>
    <item name='microphone.1/directivity/preset' type='string' priority='3'>supercardioid</item>
    <item name='microphone.1/gain' type='decimal' priority='5'>100.000000</item>
    <item name='microphone.1/orientation' type='array' priority='2'>-90.0 0.</item>
    <item name='microphone.1/position' type='array' priority='1'>-0.450000 0.000000 0.000000 </item>      
    <item name='microphone.2/active' type='boolean' priority='14'>1</item>
    <item name='microphone.2/directivity/preset' type='string' priority='13'>cardioid</item>
    <item name='microphone.2/gain' type='decimal' priority='15'>100.000000</item>
    <item name='microphone.2/orientation' type='array' priority='12'>0. 0.</item>
    <item name='microphone.2/position' type='array' priority='11'>0.00000 0.080000 0.000000 </item>  
    <item name='microphone.3/active' type='boolean' priority='24'>1</item>
    <item name='microphone.3/directivity/preset' type='string' priority='23'>supercardioid</item>
    <item name='microphone.3/gain' type='decimal' priority='25'>100.000000</item>
    <item name='microphone.3/orientation' type='array' priority='22'>90. 0.</item>
    <item name='microphone.3/position' type='array' priority='21'>0.45000 0.00000 0.000000 </item>  
    <item name='microphones/polarity' type='boolean' priority='0'>1</item> 
    <item name='microphones/amount' type='integer' priority='301'>3</item>
    <item name='microphones/directivity/power' type='integer' priority='0'>1</item>
  </preset>  

  <preset number='12' name='3 Mics - Double MS'>
    <item name='microphone.1/active' type='boolean' priority='4'>1</item>
    <item name='microphone.1/directivity/preset' type='string' priority='3'>supercardioid</item>
    <item name='microphone.1/gain' type='decimal' priority='5'>100.000000</item>
    <item name='microphone.1/orientation' type='array' priority='2'>-0.0 0.</item>
    <item name='microphone.1/position' type='array' priority='1'>-0.00000 0.000000 0.000000 </item>      
    <item name='microphone.2/active' type='boolean' priority='14'>1</item>
    <item name='microphone.2/directivity/preset' type='string' priority='13'>figure-eight</item>
    <item name='microphone.2/gain' type='decimal' priority='15'>100.000000</item>
    <item name='microphone.2/orientation' type='array' priority='12'>0. 0.</item>
    <item name='microphone.2/position' type='array' priority='11'>0.00000 0.00000 0.000000 </item>  
    <item name='microphone.3/active' type='boolean' priority='24'>1</item>
    <item name='microphone.3/directivity/preset' type='string' priority='23'>supercardioid</item>
    <item name='microphone.3/gain' type='decimal' priority='25'>100.000000</item>
    <item name='microphone.3/orientation' type='array' priority='22'>-180. 0.</item>
    <item name='microphone.3/position' type='array' priority='21'>0.0000 0.00000 0.000000 </item>  
    <item name='microphones/polarity' type='boolean' priority='0'>1</item> 
    <item name='microphones/amount' type='integer' priority='301'>3</item>
    <item name='microphones/directivity/power' type='integer' priority='0'>1</item>
  </preset>  

<preset number='13' name='3 Mics - Decca Tree'>
    <item name='microphone.1/active' type='boolean' priority='4'>1</item>
    <item name='microphone.1/directivity/preset' type='string' priority='3'>omni</item>
    <item name='microphone.1/gain' type='decimal' priority='5'>100.000000</item>
    <item name='microphone.1/orientation' type='array' priority='2'>-45.0 0.</item>
    <item name='microphone.1/position' type='array' priority='1'>-1.00000 0.00000 0.000000 </item>      
    <item name='microphone.2/active' type='boolean' priority='14'>1</item>
    <item name='microphone.2/directivity/preset' type='string' priority='13'>omni</item>
    <item name='microphone.2/gain' type='decimal' priority='15'>100.000000</item>
    <item name='microphone.2/orientation' type='array' priority='12'>0. 0.</item>
    <item name='microphone.2/position' type='array' priority='11'>0.00000 1.50000 0.000000 </item>  
    <item name='microphone.3/active' type='boolean' priority='24'>1</item>
    <item name='microphone.3/directivity/preset' type='string' priority='23'>omni</item>
    <item name='microphone.3/gain' type='decimal' priority='25'>100.000000</item>
    <item name='microphone.3/orientation' type='array' priority='22'>45. 0.</item>
    <item name='microphone.3/position' type='array' priority='21'>1.0000 0.00000 0.000000 </item>   
    <item name='microphones/polarity' type='boolean' priority='0'>1</item> 
    <item name='microphones/amount' type='integer' priority='301'>3</item>
    <item name='microphones/directivity/power' type='integer' priority='0'>1</item>
  </preset>   

<preset number='14' name='4 Mics - Ambisonics 1st Order A-format (WXYZ)'>
    <item name='microphone.1/active' type='boolean' priority='4'>1</item>
    <item name='microphone.1/directivity/preset' type='string' priority='3'>omni</item>
    <item name='microphone.1/gain' type='decimal' priority='5'>100.000000</item>
    <item name='microphone.1/orientation' type='array' priority='2'>0. 0.</item>
    <item name='microphone.1/position' type='array' priority='1'>0.00000 0.00000 0.000000 </item>      
    <item name='microphone.2/active' type='boolean' priority='14'>1</item>
    <item name='microphone.2/directivity/preset' type='string' priority='13'>figure-eight</item>
    <item name='microphone.2/gain' type='decimal' priority='15'>100.000000</item>
    <item name='microphone.2/orientation' type='array' priority='12'>90. 0.</item>
    <item name='microphone.2/position' type='array' priority='11'>0.00000 0.0000 0.000000 </item>  
    <item name='microphone.3/active' type='boolean' priority='24'>1</item>
    <item name='microphone.3/directivity/preset' type='string' priority='23'>figure-eight</item>
    <item name='microphone.3/gain' type='decimal' priority='25'>100.000000</item>
    <item name='microphone.3/orientation' type='array' priority='22'>0. 0.</item>
    <item name='microphone.3/position' type='array' priority='21'>0.0000 0.00000 0.000000 </item>
    <item name='microphone.4/active' type='boolean' priority='34'>1</item>
    <item name='microphone.4/directivity/preset' type='string' priority='33'>figure-eight</item>
    <item name='microphone.4/gain' type='decimal' priority='35'>100.000000</item>
    <item name='microphone.4/orientation' type='array' priority='32'>0. 90.</item>
    <item name='microphone.4/position' type='array' priority='31'>0.0000 0.00000 0.000000 </item> 
    <item name='microphones/polarity' type='boolean' priority='0'>1</item> 
    <item name='microphones/amount' type='integer' priority='301'>4</item>
    <item name='microphones/directivity/power' type='integer' priority='0'>1</item>
  </preset>

<preset number='15' name='5 Mics - INA5'>
    <item name='microphone.1/active' type='boolean' priority='4'>1</item>
    <item name='microphone.1/directivity/preset' type='string' priority='3'>cardioid</item>
    <item name='microphone.1/gain' type='decimal' priority='5'>100.000000</item>
    <item name='microphone.1/orientation' type='array' priority='2'>-90.0 0.</item>
    <item name='microphone.1/position' type='array' priority='1'>-0.17000 0.00000 0.000000 </item>      
    <item name='microphone.2/active' type='boolean' priority='14'>1</item>
    <item name='microphone.2/directivity/preset' type='string' priority='13'>cardioid</item>
    <item name='microphone.2/gain' type='decimal' priority='15'>100.000000</item>
    <item name='microphone.2/orientation' type='array' priority='12'>0. 0.</item>
    <item name='microphone.2/position' type='array' priority='11'>0.00000 0.17850 0.000000 </item>  
    <item name='microphone.3/active' type='boolean' priority='24'>1</item>
    <item name='microphone.3/directivity/preset' type='string' priority='23'>cardioid</item>
    <item name='microphone.3/gain' type='decimal' priority='25'>100.000000</item>
    <item name='microphone.3/orientation' type='array' priority='22'>90. 0.</item>
    <item name='microphone.3/position' type='array' priority='21'>0.1700 0.00000 0.000000 </item>   
    <item name='microphone.4/active' type='boolean' priority='34'>1</item>
    <item name='microphone.4/directivity/preset' type='string' priority='33'>cardioid</item>
    <item name='microphone.4/gain' type='decimal' priority='35'>100.000000</item>
    <item name='microphone.4/orientation' type='array' priority='32'>150. 0.</item>
    <item name='microphone.4/position' type='array' priority='31'>0.3000 -0.51000 0.000000 </item>     
    <item name='microphone.5/active' type='boolean' priority='44'>1</item>
    <item name='microphone.5/directivity/preset' type='string' priority='43'>cardioid</item>
    <item name='microphone.5/gain' type='decimal' priority='45'>100.000000</item>
    <item name='microphone.5/orientation' type='array' priority='42'>-150. 0.</item>
    <item name='microphone.5/position' type='array' priority='41'>-0.3000 -0.51000 0.000000 </item>   
    <item name='microphones/polarity' type='boolean' priority='0'>1</item> 
    <item name='microphones/amount' type='integer' priority='301'>5</item>
    <item name='microphones/directivity/power' type='integer' priority='0'>1</item>
  </preset> 

<preset number='16' name='5 Mics - Fukada-tree'>
    <item name='microphone.1/active' type='boolean' priority='4'>1</item>
    <item name='microphone.1/directivity/preset' type='string' priority='3'>cardioid</item>
    <item name='microphone.1/gain' type='decimal' priority='5'>100.000000</item>
    <item name='microphone.1/orientation' type='array' priority='2'>-30.0 0.</item>
    <item name='microphone.1/position' type='array' priority='1'>-0.9000 0.00000 0.000000 </item>      
    <item name='microphone.2/active' type='boolean' priority='14'>1</item>
    <item name='microphone.2/directivity/preset' type='string' priority='13'>cardioid</item>
    <item name='microphone.2/gain' type='decimal' priority='15'>100.000000</item>
    <item name='microphone.2/orientation' type='array' priority='12'>0. 0.</item>
    <item name='microphone.2/position' type='array' priority='11'>0.00000 0.93 0.000000 </item>  
    <item name='microphone.3/active' type='boolean' priority='24'>1</item>
    <item name='microphone.3/directivity/preset' type='string' priority='23'>cardioid</item>
    <item name='microphone.3/gain' type='decimal' priority='25'>100.000000</item>
    <item name='microphone.3/orientation' type='array' priority='22'>30. 0.</item>
    <item name='microphone.3/position' type='array' priority='21'>0.90000 0.00000 0.000000 </item>   
    <item name='microphone.4/active' type='boolean' priority='34'>1</item>
    <item name='microphone.4/directivity/preset' type='string' priority='33'>cardioid</item>
    <item name='microphone.4/gain' type='decimal' priority='35'>100.000000</item>
    <item name='microphone.4/orientation' type='array' priority='32'>150. 0.</item>
    <item name='microphone.4/position' type='array' priority='31'>0.9000 -0.90000 0.000000 </item>     
    <item name='microphone.5/active' type='boolean' priority='44'>1</item>
    <item name='microphone.5/directivity/preset' type='string' priority='43'>cardioid</item>
    <item name='microphone.5/gain' type='decimal' priority='45'>100.000000</item>
    <item name='microphone.5/orientation' type='array' priority='42'>-150. 0.</item>
    <item name='microphone.5/position' type='array' priority='41'>-0.9000 -0.90000 0.000000 </item> 
    <item name='microphones/polarity' type='boolean' priority='0'>1</item> 
    <item name='microphones/amount' type='integer' priority='301'>5</item>
    <item name='microphones/directivity/power' type='integer' priority='0'>1</item>
  </preset>
 
<preset number='17' name='5 Mics - OCT surround'>
    <item name='microphone.1/active' type='boolean' priority='4'>1</item>
    <item name='microphone.1/directivity/preset' type='string' priority='3'>supercardioid</item>
    <item name='microphone.1/gain' type='decimal' priority='5'>100.000000</item>
    <item name='microphone.1/orientation' type='array' priority='2'>-90.0 0.</item>
    <item name='microphone.1/position' type='array' priority='1'>-0.350000 0.000000 0.000000 </item>      
    <item name='microphone.2/active' type='boolean' priority='14'>1</item>
    <item name='microphone.2/directivity/preset' type='string' priority='13'>cardioid</item>
    <item name='microphone.2/gain' type='decimal' priority='15'>100.000000</item>
    <item name='microphone.2/orientation' type='array' priority='12'>0. 0.</item>
    <item name='microphone.2/position' type='array' priority='11'>0.00000 0.080000 0.000000 </item>  
    <item name='microphone.3/active' type='boolean' priority='24'>1</item>
    <item name='microphone.3/directivity/preset' type='string' priority='23'>supercardioid</item>
    <item name='microphone.3/gain' type='decimal' priority='25'>100.000000</item>
    <item name='microphone.3/orientation' type='array' priority='22'>90. 0.</item>
    <item name='microphone.3/position' type='array' priority='21'>0.35000 0.00000 0.000000 </item> 
    <item name='microphone.4/active' type='boolean' priority='34'>1</item>
    <item name='microphone.4/directivity/preset' type='string' priority='33'>cardioid</item>
    <item name='microphone.4/gain' type='decimal' priority='35'>100.000000</item>
    <item name='microphone.4/orientation' type='array' priority='32'>180. 0.</item>
    <item name='microphone.4/position' type='array' priority='31'>0.5000 -0.50000 0.000000 </item>     
    <item name='microphone.5/active' type='boolean' priority='44'>1</item>
    <item name='microphone.5/directivity/preset' type='string' priority='43'>cardioid</item>
    <item name='microphone.5/gain' type='decimal' priority='45'>100.000000</item>
    <item name='microphone.5/orientation' type='array' priority='42'>-180. 0.</item>
    <item name='microphone.5/position' type='array' priority='41'>-0.5000 -0.50000 0.000000 </item>   
    <item name='microphones/polarity' type='boolean' priority='0'>1</item> 
    <item name='microphones/amount' type='integer' priority='301'>5</item>
    <item name='microphones/directivity/power' type='integer' priority='0'>1</item>
  </preset> 

<preset number='18' name='5 Mics - Decca Tree + ORTF'>     
    <item name='microphone.1/active' type='boolean' priority='4'>1</item>
    <item name='microphone.1/directivity/preset' type='string' priority='3'>omni</item>
    <item name='microphone.1/gain' type='decimal' priority='5'>100.000000</item>
    <item name='microphone.1/orientation' type='array' priority='2'>-45.0 0.</item>
    <item name='microphone.1/position' type='array' priority='1'>-1.00000 0.00000 0.000000 </item>      
    <item name='microphone.2/active' type='boolean' priority='14'>1</item>
    <item name='microphone.2/directivity/preset' type='string' priority='13'>omni</item>
    <item name='microphone.2/gain' type='decimal' priority='15'>100.000000</item>
    <item name='microphone.2/orientation' type='array' priority='12'>0. 0.</item>
    <item name='microphone.2/position' type='array' priority='11'>0.00000 1.50000 0.000000 </item>  
    <item name='microphone.3/active' type='boolean' priority='24'>1</item>
    <item name='microphone.3/directivity/preset' type='string' priority='23'>omni</item>
    <item name='microphone.3/gain' type='decimal' priority='25'>100.000000</item>
    <item name='microphone.3/orientation' type='array' priority='22'>45. 0.</item>
    <item name='microphone.3/position' type='array' priority='21'>1.0000 0.00000 0.000000 </item>
    <item name='microphone.4/active' type='boolean' priority='34'>1</item>
    <item name='microphone.4/directivity/preset' type='string' priority='33'>cardioid</item>
    <item name='microphone.4/gain' type='decimal' priority='35'>100.000000</item>
    <item name='microphone.4/orientation' type='array' priority='32'>125. 0.</item>
    <item name='microphone.4/position' type='array' priority='31'>0.065000 -3.0000 0.000000 </item>     
    <item name='microphone.5/active' type='boolean' priority='44'>1</item>
    <item name='microphone.5/directivity/preset' type='string' priority='43'>cardioid</item>
    <item name='microphone.5/gain' type='decimal' priority='45'>100.000000</item>
    <item name='microphone.5/orientation' type='array' priority='42'>-125. 0.</item>
    <item name='microphone.5/position' type='array' priority='41'>-0.06500 -3.0000 0.000000 </item>  
    <item name='microphones/polarity' type='boolean' priority='0'>1</item> 
    <item name='microphones/amount' type='integer' priority='301'>5</item>
    <item name='microphones/directivity/power' type='integer' priority='0'>1</item>
  </preset>   

<preset number='19' name='5 Mics - Polyhymnia Pentagon'>
    <item name='microphone.1/active' type='boolean' priority='4'>1</item>
    <item name='microphone.1/directivity/preset' type='string' priority='3'>omni</item>
    <item name='microphone.1/gain' type='decimal' priority='5'>100.000000</item>
    <item name='microphone.1/orientation' type='array' priority='2'>0.000000 0.000000 </item>
    <item name='microphone.1/position' type='array' priority='1'>-1.3 0. 0. </item>
    <item name='microphone.2/active' type='boolean' priority='14'>1</item>
    <item name='microphone.2/directivity/preset' type='string' priority='13'>omni</item>
    <item name='microphone.2/gain' type='decimal' priority='15'>100.000000</item>
    <item name='microphone.2/orientation' type='array' priority='12'>0.000000 0.000000 </item>
    <item name='microphone.2/position' type='array' priority='11'>0.000000 0.600000 0.000000 </item>
    <item name='microphone.3/active' type='boolean' priority='24'>1</item>
    <item name='microphone.3/directivity/preset' type='string' priority='23'>omni</item>
    <item name='microphone.3/gain' type='decimal' priority='25'>100.000000</item>
    <item name='microphone.3/orientation' type='array' priority='22'>0.000000 0.000000 </item>
    <item name='microphone.3/position' type='array' priority='21'>1.3 0.0 0.000000 </item>
    <item name='microphone.4/active' type='boolean' priority='34'>1</item>
    <item name='microphone.4/directivity/preset' type='string' priority='33'>omni</item>
    <item name='microphone.4/gain' type='decimal' priority='35'>100.000000</item>
    <item name='microphone.4/orientation' type='array' priority='32'>180.000000 0.000000 </item>
    <item name='microphone.4/position' type='array' priority='31'>1.3 -3.5 0.000000 </item>   
    <item name='microphone.5/active' type='boolean' priority='44'>1</item>
    <item name='microphone.5/directivity/preset' type='string' priority='43'>omni</item>
    <item name='microphone.5/gain' type='decimal' priority='45'>100.000000</item>
    <item name='microphone.5/orientation' type='array' priority='42'>-180.000000 0.000000 </item>
    <item name='microphone.5/position' type='array' priority='41'>-1.3 -3.5 0.000000 </item>     
    <item name='microphones/amount' type='integer' priority='301'>5</item>
    <item name='microphones/directivity/power' type='integer' priority='0'>1</item>
    <item name='microphones/polarity' type='boolean' priority='0'>1</item>   
  </preset> 

<preset number='20' name='5 Mics - Williams cardioid 1'>       
    <item name='microphone.1/active' type='boolean' priority='4'>1</item>
    <item name='microphone.1/directivity/preset' type='string' priority='3'>cardioid</item>
    <item name='microphone.1/gain' type='decimal' priority='5'>100.000000</item>
    <item name='microphone.1/orientation' type='array' priority='2'>-90.000000 0.000000 </item>
    <item name='microphone.1/position' type='array' priority='1'>-0.305 0. 0. </item>
    <item name='microphone.2/active' type='boolean' priority='14'>1</item>
    <item name='microphone.2/directivity/preset' type='string' priority='13'>cardioid</item>
    <item name='microphone.2/gain' type='decimal' priority='15'>100.000000</item>
    <item name='microphone.2/orientation' type='array' priority='12'>0.000000 0.000000 </item>
    <item name='microphone.2/position' type='array' priority='11'>0.000000 0.170000 0.000000 </item>
    <item name='microphone.3/active' type='boolean' priority='24'>1</item>
    <item name='microphone.3/directivity/preset' type='string' priority='23'>cardioid</item>
    <item name='microphone.3/gain' type='decimal' priority='25'>100.000000</item>
    <item name='microphone.3/orientation' type='array' priority='22'>90.000000 0.000000 </item>
    <item name='microphone.3/position' type='array' priority='21'>0.305 0.0 0.000000 </item>
    <item name='microphone.4/active' type='boolean' priority='34'>1</item>
    <item name='microphone.4/directivity/preset' type='string' priority='33'>cardioid</item>
    <item name='microphone.4/gain' type='decimal' priority='35'>100.000000</item>
    <item name='microphone.4/orientation' type='array' priority='32'>160.000000 0.000000 </item>
    <item name='microphone.4/position' type='array' priority='31'>0.24 -0.415 0.000000 </item>   
    <item name='microphone.5/active' type='boolean' priority='44'>1</item>
    <item name='microphone.5/directivity/preset' type='string' priority='43'>cardioid</item>
    <item name='microphone.5/gain' type='decimal' priority='45'>100.000000</item>
    <item name='microphone.5/orientation' type='array' priority='42'>-160.000000 0.000000 </item>
    <item name='microphone.5/position' type='array' priority='41'>-0.24 -0.415 0.000000 </item> 
    <item name='microphones/amount' type='integer' priority='301'>5</item>
    <item name='microphones/directivity/power' type='integer' priority='0'>1</item>
    <item name='microphones/polarity' type='boolean' priority='0'>1</item>       
  </preset>

<preset number='21' name='5 Mics - Williams cardioid 2'>       
    <item name='microphone.1/active' type='boolean' priority='4'>1</item>
    <item name='microphone.1/directivity/preset' type='string' priority='3'>cardioid</item>
    <item name='microphone.1/gain' type='decimal' priority='5'>100.000000</item>
    <item name='microphone.1/orientation' type='array' priority='2'>-40.000000 0.000000 </item>
    <item name='microphone.1/position' type='array' priority='1'>-0.365 0. 0. </item>
    <item name='microphone.2/active' type='boolean' priority='14'>1</item>
    <item name='microphone.2/directivity/preset' type='string' priority='13'>cardioid</item>
    <item name='microphone.2/gain' type='decimal' priority='15'>100.000000</item>
    <item name='microphone.2/orientation' type='array' priority='12'>0.000000 0.000000 </item>
    <item name='microphone.2/position' type='array' priority='11'>0.000000 0.315000 0.000000 </item>
    <item name='microphone.3/active' type='boolean' priority='24'>1</item>
    <item name='microphone.3/directivity/preset' type='string' priority='23'>cardioid</item>
    <item name='microphone.3/gain' type='decimal' priority='25'>100.000000</item>
    <item name='microphone.3/orientation' type='array' priority='22'>40.000000 0.000000 </item>
    <item name='microphone.3/position' type='array' priority='21'>0.365 0.0 0.000000 </item>
    <item name='microphone.4/active' type='boolean' priority='34'>1</item>
    <item name='microphone.4/directivity/preset' type='string' priority='33'>cardioid</item>
    <item name='microphone.4/gain' type='decimal' priority='35'>100.000000</item>
    <item name='microphone.4/orientation' type='array' priority='32'>130.000000 0.000000 </item>
    <item name='microphone.4/position' type='array' priority='31'>0.16 -0.32 0.000000 </item>   
    <item name='microphone.5/active' type='boolean' priority='44'>1</item>
    <item name='microphone.5/directivity/preset' type='string' priority='43'>cardioid</item>
    <item name='microphone.5/gain' type='decimal' priority='45'>100.000000</item>
    <item name='microphone.5/orientation' type='array' priority='42'>-130.000000 0.000000 </item>
    <item name='microphone.5/position' type='array' priority='41'>-0.16 -0.32 0.000000 </item> 
    <item name='microphones/amount' type='integer' priority='301'>5</item>
    <item name='microphones/directivity/power' type='integer' priority='0'>1</item>
    <item name='microphones/polarity' type='boolean' priority='0'>1</item>       
  </preset> 

<preset number='22' name='5 Mics - really bad coincident arrangement'>       
    <item name='microphone.1/active' type='boolean' priority='4'>1</item>
    <item name='microphone.1/directivity/preset' type='string' priority='3'>figure-eight</item>
    <item name='microphone.1/gain' type='decimal' priority='5'>100.000000</item>
    <item name='microphone.1/orientation' type='array' priority='2'>-30.000000 0.000000 </item>
    <item name='microphone.1/position' type='array' priority='1'>-0.0 0. 0. </item>
    <item name='microphone.2/active' type='boolean' priority='14'>1</item>
    <item name='microphone.2/directivity/preset' type='string' priority='13'>figure-eight</item>
    <item name='microphone.2/gain' type='decimal' priority='15'>100.000000</item>
    <item name='microphone.2/orientation' type='array' priority='12'>0.000000 0.000000 </item>
    <item name='microphone.2/position' type='array' priority='11'>0.000000 0.0 0.000000 </item>
    <item name='microphone.3/active' type='boolean' priority='24'>1</item>
    <item name='microphone.3/directivity/preset' type='string' priority='23'>figure-eight</item>
    <item name='microphone.3/gain' type='decimal' priority='25'>100.000000</item>
    <item name='microphone.3/orientation' type='array' priority='22'>30.000000 0.000000 </item>
    <item name='microphone.3/position' type='array' priority='21'>0.0 0.0 0.000000 </item>
    <item name='microphone.4/active' type='boolean' priority='34'>1</item>
    <item name='microphone.4/directivity/ratio' type='decimal' priority='33'>0.9</item>
    <item name='microphone.4/gain' type='decimal' priority='35'>100.000000</item>
    <item name='microphone.4/orientation' type='array' priority='32'>130.000000 0.000000 </item>
    <item name='microphone.4/position' type='array' priority='31'>0.0 -0.0 0.000000 </item>   
    <item name='microphone.5/active' type='boolean' priority='44'>1</item>
    <item name='microphone.5/directivity/ratio' type='decimal' priority='43'>0.9</item>
    <item name='microphone.5/gain' type='decimal' priority='45'>100.000000</item>
    <item name='microphone.5/orientation' type='array' priority='42'>-130.000000 0.000000 </item>
    <item name='microphone.5/position' type='array' priority='41'>-0.0 -0.0 0.000000 </item> 
    <item name='microphones/amount' type='integer' priority='301'>5</item>
    <item name='microphones/directivity/power' type='integer' priority='0'>7</item>
    <item name='microphones/polarity' type='boolean' priority='0'>0</item>       
  </preset>    

<preset number='23' name='7 Mics - Williams subcardioid'>       
    <item name='microphone.1/active' type='boolean' priority='4'>1</item>
    <item name='microphone.1/directivity/preset' type='string' priority='3'>subcardioid</item>
    <item name='microphone.1/gain' type='decimal' priority='5'>100.000000</item>
    <item name='microphone.1/orientation' type='array' priority='2'>0.000000 0.000000</item>
    <item name='microphone.1/position' type='array' priority='1'>0. 0.345 0. </item>
    <item name='microphone.2/active' type='boolean' priority='14'>1</item>
    <item name='microphone.2/directivity/preset' type='string' priority='13'>subcardioid</item>
    <item name='microphone.2/gain' type='decimal' priority='15'>100.000000</item>
    <item name='microphone.2/orientation' type='array' priority='12'>40.000000 0.000000</item>
    <item name='microphone.2/position' type='array' priority='11'>0.949 0. 0. </item>
    <item name='microphone.3/active' type='boolean' priority='24'>1</item>
    <item name='microphone.3/directivity/preset' type='string' priority='23'>subcardioid</item>
    <item name='microphone.3/gain' type='decimal' priority='25'>100.000000</item>
    <item name='microphone.3/orientation' type='array' priority='22'>110.000000 0.000000</item>
    <item name='microphone.3/position' type='array' priority='21'>1.08 -0.474 0. </item>
    <item name='microphone.4/active' type='boolean' priority='34'>1</item>
    <item name='microphone.4/directivity/preset' type='string' priority='33'>subcardioid</item>
    <item name='microphone.4/gain' type='decimal' priority='35'>100.000000</item>
    <item name='microphone.4/orientation' type='array' priority='32'>160.000000 0.000000 </item>
    <item name='microphone.4/position' type='array' priority='31'>0.525 -1.033 0. </item>   
    <item name='microphone.5/active' type='boolean' priority='44'>1</item>
    <item name='microphone.5/directivity/preset' type='string' priority='43'>subcardioid</item>
    <item name='microphone.5/gain' type='decimal' priority='45'>100.000000</item>
    <item name='microphone.5/orientation' type='array' priority='42'>220.000000 0.000000</item>
    <item name='microphone.5/position' type='array' priority='41'>-0.525 -1.033 0. </item>    
    <item name='microphone.6/active' type='boolean' priority='54'>1</item>
    <item name='microphone.6/directivity/preset' type='string' priority='53'>subcardioid</item>
    <item name='microphone.6/gain' type='decimal' priority='55'>100.000000</item>
    <item name='microphone.6/orientation' type='array' priority='52'>250.000000 0.000000</item>
    <item name='microphone.6/position' type='array' priority='51'>-1.08 -0.474 0. </item>
    <item name='microphone.7/active' type='boolean' priority='64'>1</item>
    <item name='microphone.7/directivity/preset' type='string' priority='63'>subcardioid</item>
    <item name='microphone.7/gain' type='decimal' priority='65'>100.000000</item>
    <item name='microphone.7/orientation' type='array' priority='62'>320.000000 0.000000</item>
    <item name='microphone.7/position' type='array' priority='61'>-0.949 0. 0. </item>
    <item name='microphones/amount' type='integer' priority='301'>7</item>
    <item name='microphones/directivity/power' type='integer' priority='0'>1</item>
    <item name='microphones/polarity' type='boolean' priority='0'>1</item>       
  </preset>

<preset number='24' name='7 Mics - Williams Cardioid'>       
    <item name='microphone.1/active' type='boolean' priority='4'>1</item>
    <item name='microphone.1/directivity/preset' type='string' priority='3'>cardioid</item>
    <item name='microphone.1/gain' type='decimal' priority='5'>100.000000</item>
    <item name='microphone.1/orientation' type='array' priority='2'>0.000000 0.000000 </item>
    <item name='microphone.1/position' type='array' priority='1'>0. 0.321 0. </item>
    <item name='microphone.2/active' type='boolean' priority='14'>1</item>
    <item name='microphone.2/directivity/preset' type='string' priority='13'>cardioid</item>
    <item name='microphone.2/gain' type='decimal' priority='15'>100.000000</item>
    <item name='microphone.2/orientation' type='array' priority='12'>40.000000 0.000000</item>
    <item name='microphone.2/position' type='array' priority='11'>0.883 0. 0. </item>
    <item name='microphone.3/active' type='boolean' priority='24'>1</item>
    <item name='microphone.3/directivity/preset' type='string' priority='23'>cardioid</item>
    <item name='microphone.3/gain' type='decimal' priority='25'>100.000000</item>
    <item name='microphone.3/orientation' type='array' priority='22'>110.000000 0.000000 </item>
    <item name='microphone.3/position' type='array' priority='21'>1.0 -0.397 0. </item>
    <item name='microphone.4/active' type='boolean' priority='34'>1</item>
    <item name='microphone.4/directivity/preset' type='string' priority='33'>cardioid</item>
    <item name='microphone.4/gain' type='decimal' priority='35'>100.000000</item>
    <item name='microphone.4/orientation' type='array' priority='32'>160.000000 0.000000</item>
    <item name='microphone.4/position' type='array' priority='31'>0.49 -0.92 0. </item>   
    <item name='microphone.5/active' type='boolean' priority='44'>1</item>
    <item name='microphone.5/directivity/preset' type='string' priority='43'>cardioid</item>
    <item name='microphone.5/gain' type='decimal' priority='45'>100.000000</item>
    <item name='microphone.5/orientation' type='array' priority='42'>220.000000 0.000000</item>
    <item name='microphone.5/position' type='array' priority='41'>-0.49 -0.92 0. </item>    
    <item name='microphone.6/active' type='boolean' priority='54'>1</item>
    <item name='microphone.6/directivity/preset' type='string' priority='53'>cardioid</item>
    <item name='microphone.6/gain' type='decimal' priority='55'>100.000000</item>
    <item name='microphone.6/orientation' type='array' priority='52'>250.000000 0.000000 </item>
    <item name='microphone.6/position' type='array' priority='51'>-1.0 -0.397 0. </item>
    <item name='microphone.7/active' type='boolean' priority='64'>1</item>
    <item name='microphone.7/directivity/preset' type='string' priority='63'>cardioid</item>
    <item name='microphone.7/gain' type='decimal' priority='65'>100.000000</item>
    <item name='microphone.7/orientation' type='array' priority='62'>320.000000 0.000000</item>
    <item name='microphone.7/position' type='array' priority='61'>-0.883 0. 0. </item>
    <item name='microphones/amount' type='integer' priority='301'>7</item>
    <item name='microphones/directivity/power' type='integer' priority='0'>1</item>
    <item name='microphones/polarity' type='boolean' priority='0'>1</item>       
  </preset>

<preset number='25' name='8 Mics - figure-eight polarity restricted'>       
    <item name='microphone.1/active' type='boolean' priority='4'>1</item>
    <item name='microphone.1/directivity/preset' type='string' priority='3'>figure-eight</item>
    <item name='microphone.1/gain' type='decimal' priority='5'>100.000000</item>
    <item name='microphone.1/orientation' type='array' priority='2'>0.000000 0.000000 </item>
    <item name='microphone.1/position' type='array' priority='1'>0. 0. 0. </item>
    <item name='microphone.2/active' type='boolean' priority='14'>1</item>
    <item name='microphone.2/directivity/preset' type='string' priority='13'>figure-eight</item>
    <item name='microphone.2/gain' type='decimal' priority='15'>100.000000</item>
    <item name='microphone.2/orientation' type='array' priority='12'>45.000000 0.000000 </item>
    <item name='microphone.2/position' type='array' priority='11'>0. 0. 0. </item>
    <item name='microphone.3/active' type='boolean' priority='24'>1</item>
    <item name='microphone.3/directivity/preset' type='string' priority='23'>figure-eight</item>
    <item name='microphone.3/gain' type='decimal' priority='25'>100.000000</item>
    <item name='microphone.3/orientation' type='array' priority='22'>90.000000 0.000000 </item>
    <item name='microphone.3/position' type='array' priority='21'>0. 0. 0. </item>
    <item name='microphone.4/active' type='boolean' priority='34'>1</item>
    <item name='microphone.4/directivity/preset' type='string' priority='33'>figure-eight</item>
    <item name='microphone.4/gain' type='decimal' priority='35'>100.000000</item>
    <item name='microphone.4/orientation' type='array' priority='32'>135.000000 0.000000 </item>
    <item name='microphone.4/position' type='array' priority='31'>0. 0. 0. </item>   
    <item name='microphone.5/active' type='boolean' priority='44'>1</item>
    <item name='microphone.5/directivity/preset' type='string' priority='43'>figure-eight</item>
    <item name='microphone.5/gain' type='decimal' priority='45'>100.000000</item>
    <item name='microphone.5/orientation' type='array' priority='42'>180.000000 0.000000 </item>
    <item name='microphone.5/position' type='array' priority='41'>0. 0. 0. </item>    
    <item name='microphone.6/active' type='boolean' priority='54'>1</item>
    <item name='microphone.6/directivity/preset' type='string' priority='53'>figure-eight</item>
    <item name='microphone.6/gain' type='decimal' priority='55'>100.000000</item>
    <item name='microphone.6/orientation' type='array' priority='52'>-135.000000 0.000000 </item>
    <item name='microphone.6/position' type='array' priority='51'>0. 0. 0. </item>
    <item name='microphone.7/active' type='boolean' priority='64'>1</item>
    <item name='microphone.7/directivity/preset' type='string' priority='63'>figure-eight</item>
    <item name='microphone.7/gain' type='decimal' priority='65'>100.000000</item>
    <item name='microphone.7/orientation' type='array' priority='62'>-90.000000 0.000000 </item>
    <item name='microphone.7/position' type='array' priority='61'>0. 0. 0. </item>
    <item name='microphone.8/active' type='boolean' priority='74'>1</item>
    <item name='microphone.8/directivity/preset' type='string' priority='73'>figure-eight</item>
    <item name='microphone.8/gain' type='decimal' priority='75'>100.000000</item>
    <item name='microphone.8/orientation' type='array' priority='72'>-45.000000 0.000000 </item>
    <item name='microphone.8/position' type='array' priority='71'>0. 0. 0. </item>
    <item name='microphones/amount' type='integer' priority='301'>8</item>
    <item name='microphones/directivity/power' type='integer' priority='0'>1</item>
    <item name='microphones/polarity' type='boolean' priority='0'>0</item>       
  </preset>     

<preset number='26' name='8 Mics - Williams Cardioid'>       
    <item name='microphone.1/active' type='boolean' priority='4'>1</item>
    <item name='microphone.1/directivity/preset' type='string' priority='3'>cardioid</item>
    <item name='microphone.1/gain' type='decimal' priority='5'>100.000000</item>
    <item name='microphone.1/orientation' type='array' priority='2'>0.000000 0.000000 </item>
    <item name='microphone.1/position' type='array' priority='1'>0. 0.81 0. </item>
    <item name='microphone.2/active' type='boolean' priority='14'>1</item>
    <item name='microphone.2/directivity/preset' type='string' priority='13'>cardioid</item>
    <item name='microphone.2/gain' type='decimal' priority='15'>100.000000</item>
    <item name='microphone.2/orientation' type='array' priority='12'>45.000000 0.000000 </item>
    <item name='microphone.2/position' type='array' priority='11'>0.57276 0.57276 0. </item>
    <item name='microphone.3/active' type='boolean' priority='24'>1</item>
    <item name='microphone.3/directivity/preset' type='string' priority='23'>cardioid</item>
    <item name='microphone.3/gain' type='decimal' priority='25'>100.000000</item>
    <item name='microphone.3/orientation' type='array' priority='22'>90.000000 0.000000 </item>
    <item name='microphone.3/position' type='array' priority='21'>0.81 0. 0. </item>
    <item name='microphone.4/active' type='boolean' priority='34'>1</item>
    <item name='microphone.4/directivity/preset' type='string' priority='33'>cardioid</item>
    <item name='microphone.4/gain' type='decimal' priority='35'>100.000000</item>
    <item name='microphone.4/orientation' type='array' priority='32'>135.000000 0.000000 </item>
    <item name='microphone.4/position' type='array' priority='31'>0.57276 -0.57276 0. </item>   
    <item name='microphone.5/active' type='boolean' priority='44'>1</item>
    <item name='microphone.5/directivity/preset' type='string' priority='43'>cardioid</item>
    <item name='microphone.5/gain' type='decimal' priority='45'>100.000000</item>
    <item name='microphone.5/orientation' type='array' priority='42'>180.000000 0.000000 </item>
    <item name='microphone.5/position' type='array' priority='41'>0. -0.81 0. </item>    
    <item name='microphone.6/active' type='boolean' priority='54'>1</item>
    <item name='microphone.6/directivity/preset' type='string' priority='53'>cardioid</item>
    <item name='microphone.6/gain' type='decimal' priority='55'>100.000000</item>
    <item name='microphone.6/orientation' type='array' priority='52'>-135.000000 0.000000 </item>
    <item name='microphone.6/position' type='array' priority='51'>-0.57276 -0.57276 0. </item>
    <item name='microphone.7/active' type='boolean' priority='64'>1</item>
    <item name='microphone.7/directivity/preset' type='string' priority='63'>cardioid</item>
    <item name='microphone.7/gain' type='decimal' priority='65'>100.000000</item>
    <item name='microphone.7/orientation' type='array' priority='62'>-90.000000 0.000000 </item>
    <item name='microphone.7/position' type='array' priority='61'>-0.81 0. 0. </item>
    <item name='microphone.8/active' type='boolean' priority='74'>1</item>
    <item name='microphone.8/directivity/preset' type='string' priority='73'>cardioid</item>
    <item name='microphone.8/gain' type='decimal' priority='75'>100.000000</item>
    <item name='microphone.8/orientation' type='array' priority='72'>-45.000000 0.000000 </item>
    <item name='microphone.8/position' type='array' priority='71'>-0.57276 0.57276 0. </item>
    <item name='microphones/amount' type='integer' priority='301'>8</item>
    <item name='microphones/directivity/power' type='integer' priority='0'>1</item>
    <item name='microphones/polarity' type='boolean' priority='0'>1</item>       
  </preset>  

<preset number='27' name='8 Mics - Williams Supercardioid'>       
    <item name='microphone.1/active' type='boolean' priority='4'>1</item>
    <item name='microphone.1/directivity/preset' type='string' priority='3'>supercardioid</item>
    <item name='microphone.1/gain' type='decimal' priority='5'>100.000000</item>
    <item name='microphone.1/orientation' type='array' priority='2'>0.000000 0.000000 </item>
    <item name='microphone.1/position' type='array' priority='1'>0. 0.77 0. </item>
    <item name='microphone.2/active' type='boolean' priority='14'>1</item>
    <item name='microphone.2/directivity/preset' type='string' priority='13'>supercardioid</item>
    <item name='microphone.2/gain' type='decimal' priority='15'>100.000000</item>
    <item name='microphone.2/orientation' type='array' priority='12'>45.000000 0.000000 </item>
    <item name='microphone.2/position' type='array' priority='11'>0.54447 0.54447 0. </item>
    <item name='microphone.3/active' type='boolean' priority='24'>1</item>
    <item name='microphone.3/directivity/preset' type='string' priority='23'>supercardioid</item>
    <item name='microphone.3/gain' type='decimal' priority='25'>100.000000</item>
    <item name='microphone.3/orientation' type='array' priority='22'>90.000000 0.000000 </item>
    <item name='microphone.3/position' type='array' priority='21'>0.77 0. 0. </item>
    <item name='microphone.4/active' type='boolean' priority='34'>1</item>
    <item name='microphone.4/directivity/preset' type='string' priority='33'>supercardioid</item>
    <item name='microphone.4/gain' type='decimal' priority='35'>100.000000</item>
    <item name='microphone.4/orientation' type='array' priority='32'>135.000000 0.000000 </item>
    <item name='microphone.4/position' type='array' priority='31'>0.54447 -0.54447 0. </item>   
    <item name='microphone.5/active' type='boolean' priority='44'>1</item>
    <item name='microphone.5/directivity/preset' type='string' priority='43'>supercardioid</item>
    <item name='microphone.5/gain' type='decimal' priority='45'>100.000000</item>
    <item name='microphone.5/orientation' type='array' priority='42'>180.000000 0.000000 </item>
    <item name='microphone.5/position' type='array' priority='41'>0. -0.77 0. </item>    
    <item name='microphone.6/active' type='boolean' priority='54'>1</item>
    <item name='microphone.6/directivity/preset' type='string' priority='53'>supercardioid</item>
    <item name='microphone.6/gain' type='decimal' priority='55'>100.000000</item>
    <item name='microphone.6/orientation' type='array' priority='52'>-135.000000 0.000000 </item>
    <item name='microphone.6/position' type='array' priority='51'>-0.54447 -0.54447 0. </item>
    <item name='microphone.7/active' type='boolean' priority='64'>1</item>
    <item name='microphone.7/directivity/preset' type='string' priority='63'>supercardioid</item>
    <item name='microphone.7/gain' type='decimal' priority='65'>100.000000</item>
    <item name='microphone.7/orientation' type='array' priority='62'>-90.000000 0.000000 </item>
    <item name='microphone.7/position' type='array' priority='61'>-0.77 0. 0. </item>
    <item name='microphone.8/active' type='boolean' priority='74'>1</item>
    <item name='microphone.8/directivity/preset' type='string' priority='73'>supercardioid</item>
    <item name='microphone.8/gain' type='decimal' priority='75'>100.000000</item>
    <item name='microphone.8/orientation' type='array' priority='72'>-45.000000 0.000000 </item>
    <item name='microphone.8/position' type='array' priority='71'>-0.54447 0.54447 0. </item>
    <item name='microphones/amount' type='integer' priority='301'>8</item>
    <item name='microphones/directivity/power' type='integer' priority='0'>1</item>
    <item name='microphones/polarity' type='boolean' priority='0'>1</item>       
  </preset>

<preset number='28' name='9 Mics - Polyhymnia Pentagon with height'>
    <item name='microphone.1/active' type='boolean' priority='4'>1</item>
    <item name='microphone.1/directivity/preset' type='string' priority='3'>omni</item>
    <item name='microphone.1/gain' type='decimal' priority='5'>100.000000</item>
    <item name='microphone.1/orientation' type='array' priority='2'>-30.000000 0.000000 </item>
    <item name='microphone.1/position' type='array' priority='1'>-1.3 0. 0. </item>
    <item name='microphone.2/active' type='boolean' priority='14'>1</item>
    <item name='microphone.2/directivity/preset' type='string' priority='13'>omni</item>
    <item name='microphone.2/gain' type='decimal' priority='15'>100.000000</item>
    <item name='microphone.2/orientation' type='array' priority='12'>0.000000 0.000000 </item>
    <item name='microphone.2/position' type='array' priority='11'>0.000000 0.600000 0.000000 </item>
    <item name='microphone.3/active' type='boolean' priority='24'>1</item>
    <item name='microphone.3/directivity/preset' type='string' priority='23'>omni</item>
    <item name='microphone.3/gain' type='decimal' priority='25'>100.000000</item>
    <item name='microphone.3/orientation' type='array' priority='22'>30.000000 0.000000 </item>
    <item name='microphone.3/position' type='array' priority='21'>1.3 0.0 0.000000 </item>
    <item name='microphone.4/active' type='boolean' priority='34'>1</item>
    <item name='microphone.4/directivity/preset' type='string' priority='33'>omni</item>
    <item name='microphone.4/gain' type='decimal' priority='35'>100.000000</item>
    <item name='microphone.4/orientation' type='array' priority='32'>120.000000 0.000000 </item>
    <item name='microphone.4/position' type='array' priority='31'>1.3 -3.5 0.000000 </item>   
    <item name='microphone.5/active' type='boolean' priority='44'>1</item>
    <item name='microphone.5/directivity/preset' type='string' priority='43'>omni</item>
    <item name='microphone.5/gain' type='decimal' priority='45'>100.000000</item>
    <item name='microphone.5/orientation' type='array' priority='42'>-120.000000 0.000000 </item>
    <item name='microphone.5/position' type='array' priority='41'>-1.3 -3.5 0.000000 </item>  
    <item name='microphone.6/active' type='boolean' priority='54'>1</item>
    <item name='microphone.6/directivity/preset' type='string' priority='53'>omni</item>
    <item name='microphone.6/gain' type='decimal' priority='55'>100.000000</item>
    <item name='microphone.6/orientation' type='array' priority='52'>-30.000000 0.000000 </item>
    <item name='microphone.6/position' type='array' priority='51'>-1.3 0. 0. </item>
    <item name='microphone.7/active' type='boolean' priority='64'>1</item>
    <item name='microphone.7/directivity/preset' type='string' priority='63'>omni</item>
    <item name='microphone.7/gain' type='decimal' priority='65'>100.000000</item>
    <item name='microphone.7/orientation' type='array' priority='62'>30.000000 0.000000 </item>
    <item name='microphone.7/position' type='array' priority='61'>1.3 0.0 2.000000 </item>
    <item name='microphone.8/active' type='boolean' priority='74'>1</item>
    <item name='microphone.8/directivity/preset' type='string' priority='73'>omni</item>
    <item name='microphone.8/gain' type='decimal' priority='75'>100.000000</item>
    <item name='microphone.8/orientation' type='array' priority='72'>120.000000 0.000000 </item>
    <item name='microphone.8/position' type='array' priority='71'>1.3 -3.5 2.000000 </item>   
    <item name='microphone.9/active' type='boolean' priority='84'>1</item>
    <item name='microphone.9/directivity/preset' type='string' priority='83'>omni</item>
    <item name='microphone.9/gain' type='decimal' priority='85'>100.000000</item>
    <item name='microphone.9/orientation' type='array' priority='82'>-120.000000 0.000000 </item>
    <item name='microphone.9/position' type='array' priority='81'>-1.3 -3.5 2.000000 </item>   
    <item name='microphones/amount' type='integer' priority='301'>9</item>
    <item name='microphones/directivity/power' type='integer' priority='0'>1</item>
    <item name='microphones/polarity' type='boolean' priority='0'>1</item>   
  </preset>

<preset number='29' name='9 Mics - OCT 9'>
    <item name='microphone.1/active' type='boolean' priority='4'>1</item>
    <item name='microphone.1/directivity/preset' type='string' priority='3'>supercardioid</item>
    <item name='microphone.1/gain' type='decimal' priority='5'>100.000000</item>
    <item name='microphone.1/orientation' type='array' priority='2'>-90.0 0.</item>
    <item name='microphone.1/position' type='array' priority='1'>-0.350000 0.000000 0.000000 </item>      
    <item name='microphone.2/active' type='boolean' priority='14'>1</item>
    <item name='microphone.2/directivity/preset' type='string' priority='13'>cardioid</item>
    <item name='microphone.2/gain' type='decimal' priority='15'>100.000000</item>
    <item name='microphone.2/orientation' type='array' priority='12'>0. 0.</item>
    <item name='microphone.2/position' type='array' priority='11'>0.00000 0.080000 0.000000 </item>  
    <item name='microphone.3/active' type='boolean' priority='24'>1</item>
    <item name='microphone.3/directivity/preset' type='string' priority='23'>supercardioid</item>
    <item name='microphone.3/gain' type='decimal' priority='25'>100.000000</item>
    <item name='microphone.3/orientation' type='array' priority='22'>90. 0.</item>
    <item name='microphone.3/position' type='array' priority='21'>0.35000 0.00000 0.000000 </item> 
    <item name='microphone.4/active' type='boolean' priority='34'>1</item>
    <item name='microphone.4/directivity/preset' type='string' priority='33'>cardioid</item>
    <item name='microphone.4/gain' type='decimal' priority='35'>100.000000</item>
    <item name='microphone.4/orientation' type='array' priority='32'>180. 0.</item>
    <item name='microphone.4/position' type='array' priority='31'>0.5000 -0.50000 0.000000 </item>     
    <item name='microphone.5/active' type='boolean' priority='44'>1</item>
    <item name='microphone.5/directivity/preset' type='string' priority='43'>cardioid</item>
    <item name='microphone.5/gain' type='decimal' priority='45'>100.000000</item>
    <item name='microphone.5/orientation' type='array' priority='42'>-180. 0.</item>
    <item name='microphone.5/position' type='array' priority='41'>-0.5000 -0.50000 0.000000 </item>   
    <item name='microphone.6/directivity/preset' type='string' priority='53'>hypercardioid</item>
    <item name='microphone.6/gain' type='decimal' priority='55'>100.000000</item>
    <item name='microphone.6/orientation' type='array' priority='52'>-90.0 90.</item>
    <item name='microphone.6/position' type='array' priority='51'>-0.350000 0.000000 0.000000 </item>      
    <item name='microphone.7/active' type='boolean' priority='64'>1</item>
    <item name='microphone.7/directivity/preset' type='string' priority='63'>hypercardioid</item>
    <item name='microphone.7/gain' type='decimal' priority='65'>100.000000</item>
    <item name='microphone.7/orientation' type='array' priority='62'>90. 90.</item>
    <item name='microphone.7/position' type='array' priority='61'>0.35000 0.00000 0.000000 </item> 
    <item name='microphone.8/active' type='boolean' priority='74'>1</item>
    <item name='microphone.8/directivity/preset' type='string' priority='73'>hypercardioid</item>
    <item name='microphone.8/gain' type='decimal' priority='75'>100.000000</item>
    <item name='microphone.8/orientation' type='array' priority='72'>180. 90.</item>
    <item name='microphone.8/position' type='array' priority='71'>0.5000 -0.50000 0.000000 </item>     
    <item name='microphone.9/active' type='boolean' priority='84'>1</item>
    <item name='microphone.9/directivity/preset' type='string' priority='83'>hypercardioid</item>
    <item name='microphone.9/gain' type='decimal' priority='85'>100.000000</item>
    <item name='microphone.9/orientation' type='array' priority='82'>-180. 90.</item>
    <item name='microphone.9/position' type='array' priority='81'>-0.5000 -0.50000 0.000000 </item>   
    <item name='microphones/polarity' type='boolean' priority='0'>1</item>
    <item name='microphones/amount' type='integer' priority='301'>9</item>
    <item name='microphones/directivity/power' type='integer' priority='0'>1</item>
  </preset>
</jamoma>
