<?xml version='1.0' encoding='iso-8859-1' standalone='yes' ?>

<jamoma version='0.4'
		xmlns:xsi='http://www.w3.org/2001/XMLSchema-instance'
		xsi:schemaLocation='http://jamoma.org/ file:jamoma.xsd'
>
  <preset number='1' name='default'>
    <item name='audio/gain' type='decimal' priority='0'>100.000000</item>
    <item name='audio/mute' type='boolean' priority='0'>0</item>
    <item name='center/curve' type='decimal' priority='0'>0</item>
    <item name='center/decay' type='decimal' priority='0'>0</item>
    <item name='center/size' type='decimal' priority='0'>0</item>
    <item name='interpolation' type='boolean' priority='0'>1</item>
    <item name='numSources' type='integer' priority='1'>3</item>
    <item name='numSpeakers' type='integer' priority='3'>8</item>
    <item name='source.1/distance/attenuationFactor' type='decimal' priority='0'>0</item>
    <item name='source.1/distance/dbUnit' type='decimal' priority='0'>0</item>
    <item name='source.1/order' type='decimal' priority='0'>3.0</item>
    <item name='source.10/distance/attenuationFactor' type='decimal' priority='0'>0</item>
    <item name='source.10/distance/dbUnit' type='decimal' priority='0'>0</item>
    <item name='source.10/order' type='decimal' priority='0'>3.0</item>
    <item name='source.11/distance/attenuationFactor' type='decimal' priority='0'>0</item>
    <item name='source.11/distance/dbUnit' type='decimal' priority='0'>0</item>
    <item name='source.11/order' type='decimal' priority='0'>3.0</item>
    <item name='source.12/distance/attenuationFactor' type='decimal' priority='0'>0</item>
    <item name='source.12/distance/dbUnit' type='decimal' priority='0'>0</item>
    <item name='source.12/order' type='decimal' priority='0'>3.0</item>
    <item name='source.13/distance/attenuationFactor' type='decimal' priority='0'>0</item>
    <item name='source.13/distance/dbUnit' type='decimal' priority='0'>0</item>
    <item name='source.13/order' type='decimal' priority='0'>3.0</item>
    <item name='source.14/distance/attenuationFactor' type='decimal' priority='0'>0</item>
    <item name='source.14/distance/dbUnit' type='decimal' priority='0'>0</item>
    <item name='source.14/order' type='decimal' priority='0'>3.0</item>
    <item name='source.15/distance/attenuationFactor' type='decimal' priority='0'>0</item>
    <item name='source.15/distance/dbUnit' type='decimal' priority='0'>0</item>
    <item name='source.15/order' type='decimal' priority='0'>3.0</item>
    <item name='source.16/distance/attenuationFactor' type='decimal' priority='0'>0</item>
    <item name='source.16/distance/dbUnit' type='decimal' priority='0'>0</item>
    <item name='source.16/order' type='decimal' priority='0'>3.0</item>
    <item name='source.17/distance/attenuationFactor' type='decimal' priority='0'>0</item>
    <item name='source.17/distance/dbUnit' type='decimal' priority='0'>0</item>
    <item name='source.17/order' type='decimal' priority='0'>3.0</item>
    <item name='source.18/distance/attenuationFactor' type='decimal' priority='0'>0</item>
    <item name='source.18/distance/dbUnit' type='decimal' priority='0'>0</item>
    <item name='source.18/order' type='decimal' priority='0'>3.0</item>
    <item name='source.19/distance/attenuationFactor' type='decimal' priority='0'>0</item>
    <item name='source.19/distance/dbUnit' type='decimal' priority='0'>0</item>
    <item name='source.19/order' type='decimal' priority='0'>3.0</item>
    <item name='source.2/distance/attenuationFactor' type='decimal' priority='0'>0</item>
    <item name='source.2/distance/dbUnit' type='decimal' priority='0'>0</item>
    <item name='source.2/order' type='decimal' priority='0'>3.0</item>
    <item name='source.20/distance/attenuationFactor' type='decimal' priority='0'>0</item>
    <item name='source.20/distance/dbUnit' type='decimal' priority='0'>0</item>
    <item name='source.20/order' type='decimal' priority='0'>3.0</item>
    <item name='source.21/distance/attenuationFactor' type='decimal' priority='0'>0</item>
    <item name='source.21/distance/dbUnit' type='decimal' priority='0'>0</item>
    <item name='source.21/order' type='decimal' priority='0'>3.0</item>
    <item name='source.22/distance/attenuationFactor' type='decimal' priority='0'>0</item>
    <item name='source.22/distance/dbUnit' type='decimal' priority='0'>0</item>
    <item name='source.22/order' type='decimal' priority='0'>3.0</item>
    <item name='source.23/distance/attenuationFactor' type='decimal' priority='0'>0</item>
    <item name='source.23/distance/dbUnit' type='decimal' priority='0'>0</item>
    <item name='source.23/order' type='decimal' priority='0'>3.0</item>
    <item name='source.24/distance/attenuationFactor' type='decimal' priority='0'>0</item>
    <item name='source.24/distance/dbUnit' type='decimal' priority='0'>0</item>
    <item name='source.24/order' type='decimal' priority='0'>3.0</item>
    <item name='source.25/distance/attenuationFactor' type='decimal' priority='0'>0</item>
    <item name='source.25/distance/dbUnit' type='decimal' priority='0'>0</item>
    <item name='source.25/order' type='decimal' priority='0'>3.0</item>
    <item name='source.26/distance/attenuationFactor' type='decimal' priority='0'>0</item>
    <item name='source.26/distance/dbUnit' type='decimal' priority='0'>0</item>
    <item name='source.26/order' type='decimal' priority='0'>3.0</item>
    <item name='source.27/distance/attenuationFactor' type='decimal' priority='0'>0</item>
    <item name='source.27/distance/dbUnit' type='decimal' priority='0'>0</item>
    <item name='source.27/order' type='decimal' priority='0'>3.0</item>
    <item name='source.28/distance/attenuationFactor' type='decimal' priority='0'>0</item>
    <item name='source.28/distance/dbUnit' type='decimal' priority='0'>0</item>
    <item name='source.28/order' type='decimal' priority='0'>3.0</item>
    <item name='source.29/distance/attenuationFactor' type='decimal' priority='0'>0</item>
    <item name='source.29/distance/dbUnit' type='decimal' priority='0'>0</item>
    <item name='source.29/order' type='decimal' priority='0'>3.0</item>
    <item name='source.3/distance/attenuationFactor' type='decimal' priority='0'>0</item>
    <item name='source.3/distance/dbUnit' type='decimal' priority='0'>0</item>
    <item name='source.3/order' type='decimal' priority='0'>3.0</item>
    <item name='source.30/distance/attenuationFactor' type='decimal' priority='0'>0</item>
    <item name='source.30/distance/dbUnit' type='decimal' priority='0'>0</item>
    <item name='source.30/order' type='decimal' priority='0'>3.0</item>
    <item name='source.31/distance/attenuationFactor' type='decimal' priority='0'>0</item>
    <item name='source.31/distance/dbUnit' type='decimal' priority='0'>0</item>
    <item name='source.31/order' type='decimal' priority='0'>3.0</item>
    <item name='source.32/distance/attenuationFactor' type='decimal' priority='0'>0</item>
    <item name='source.32/distance/dbUnit' type='decimal' priority='0'>0</item>
    <item name='source.32/order' type='decimal' priority='0'>3.0</item>
    <item name='source.4/distance/attenuationFactor' type='decimal' priority='0'>0</item>
    <item name='source.4/distance/dbUnit' type='decimal' priority='0'>0</item>
    <item name='source.4/order' type='decimal' priority='0'>3.0</item>
    <item name='source.5/distance/attenuationFactor' type='decimal' priority='0'>0</item>
    <item name='source.5/distance/dbUnit' type='decimal' priority='0'>0</item>
    <item name='source.5/order' type='decimal' priority='0'>3.0</item>
    <item name='source.6/distance/attenuationFactor' type='decimal' priority='0'>0</item>
    <item name='source.6/distance/dbUnit' type='decimal' priority='0'>0</item>
    <item name='source.6/order' type='decimal' priority='0'>3.0</item>
    <item name='source.7/distance/attenuationFactor' type='decimal' priority='0'>0</item>
    <item name='source.7/distance/dbUnit' type='decimal' priority='0'>0</item>
    <item name='source.7/order' type='decimal' priority='0'>3.0</item>
    <item name='source.8/distance/attenuationFactor' type='decimal' priority='0'>0</item>
    <item name='source.8/distance/dbUnit' type='decimal' priority='0'>0</item>
    <item name='source.8/order' type='decimal' priority='0'>3.0</item>
    <item name='source.9/distance/attenuationFactor' type='decimal' priority='0'>0</item>
    <item name='source.9/distance/dbUnit' type='decimal' priority='0'>0</item>
    <item name='source.9/order' type='decimal' priority='0'>3.0</item>
    <item name='view/freeze' type='boolean' priority='0'>0</item>
  </preset>
</jamoma>
