<?xml version='1.0' encoding='iso-8859-1' standalone='yes' ?>

<jamoma version='0.4'
		xmlns:xsi='http://www.w3.org/2001/XMLSchema-instance'
		xsi:schemaLocation='http://jamoma.org/ file:jamoma.xsd'
>
  <preset number='1' name='default'>
    <item name='normalize' type='boolean' priority='0'>0</item>
    <item name='bleed' type='decimal' priority='0'>0.15</item>
    <item name='gain' type='decimal' priority='0'>1.</item>
    <item name='feedback' type='decimal' priority='0'>0.6</item>
    <item name='feedforward' type='decimal' priority='0'>0.1</item>
    <item name='video/mute' type='boolean' priority='0'>0</item>
    <item name='video/freeze' type='boolean' priority='0'>0</item>
    <item name='video/bypass' type='boolean' priority='0'>0</item>
    <item name='video/preview' type='boolean' priority='0'>0</item>
  </preset>
</jamoma>
