<?xml version='1.0' encoding='iso-8859-1' standalone='yes' ?><jamoma version='0.4'		xmlns:xsi='http://www.w3.org/2001/XMLSchema-instance'		xsi:schemaLocation='http://jamoma.org/ file:jamoma.xsd'>  <preset number='1' name='default'>    <item name='video/preview' type='integer' priority='0'>0</item>    <item name='video/bypass' type='integer' priority='0'>0</item>    <item name='video/freeze' type='integer' priority='0'>0</item>    <item name='video/mute' type='integer' priority='0'>0</item>    <item name='tolerance' type='decimal' priority='0'>1</item>    <item name='luminance' type='decimal' priority='0'>1</item>    <item name='glow' type='array' priority='0'>1. 1. 1.</item>    <item name='mode' type='integer' priority='0'>0</item>  </preset></jamoma>