<?xml version='1.0' encoding='iso-8859-1' standalone='yes' ?>

<jamoma version='0.4'
		xmlns:xsi='http://www.w3.org/2001/XMLSchema-instance'
		xsi:schemaLocation='http://jamoma.org/ file:jamoma.xsd'
>
  <preset number='1' name='default'>
    <item name='bypass' type='boolean' priority='0' mixweight='1'>0</item>
    <item name='factors' type='array' priority='0' mixweight='1'>1.000000 2.000000 3.000000 4.000000 5.000000 6.000000 7.000000 8.000000 </item>
    <item name='gain' type='decimal' priority='0' mixweight='1'>0.000000</item>
    <item name='harmonic.1/gain' type='decimal' priority='0' mixweight='1'>0.000000</item>
    <item name='harmonic.2/gain' type='decimal' priority='0' mixweight='1'>-25.454546</item>
    <item name='harmonic.3/gain' type='decimal' priority='0' mixweight='1'>-10.909091</item>
    <item name='harmonic.4/gain' type='decimal' priority='0' mixweight='1'>-39.090908</item>
    <item name='harmonic.5/gain' type='decimal' priority='0' mixweight='1'>-29.090910</item>
    <item name='harmonic.6/gain' type='decimal' priority='0' mixweight='1'>-48.181820</item>
    <item name='harmonic.7/gain' type='decimal' priority='0' mixweight='1'>-60.000000</item>
    <item name='harmonic.8/gain' type='decimal' priority='0' mixweight='1'>-60.000000</item>
    <item name='limiter/dcblocker/active' type='boolean' priority='0' mixweight='1'>0</item>
    <item name='limiter/lookahead' type='integer' priority='0' mixweight='1'>100</item>
    <item name='limiter/mode' type='string' priority='0' mixweight='1'>0</item>
    <item name='limiter/postamp' type='decimal' priority='0' mixweight='1'>0.000000</item>
    <item name='limiter/preamp' type='decimal' priority='0' mixweight='1'>6.000000</item>
    <item name='limiter/release' type='decimal' priority='0' mixweight='1'>250.000000</item>
    <item name='limiter/threshold' type='decimal' priority='0' mixweight='1'>0.000000</item>
    <item name='mix' type='decimal' priority='0' mixweight='1'>100.000000</item>
    <item name='mute' type='boolean' priority='0' mixweight='1'>1</item>
    <item name='shifts' type='array' priority='0' mixweight='1'>0</item>
    <item name='view/color/border' type='array' priority='0' mixweight='1'>0</item>
    <item name='view/color/contentBackground' type='array' priority='0' mixweight='1'>0</item>
    <item name='view/color/toolbarBackground' type='array' priority='0' mixweight='1'>0</item>
    <item name='view/color/toolbarText' type='array' priority='0' mixweight='1'>0</item>
    <item name='view/freeze' type='boolean' priority='0' mixweight='1'>0</item>
    <item name='view/size' type='array' priority='0' mixweight='1'>300 70 </item>
  </preset>
</jamoma>
