<?xml version='1.0' encoding='iso-8859-1' standalone='yes' ?>

<jamoma version='0.4'
		xmlns:xsi='http://www.w3.org/2001/XMLSchema-instance'
		xsi:schemaLocation='http://jamoma.org/ file:jamoma.xsd'
>
  <preset number='1' name='default'>
    <item name='3D/position' type='array' priority='0'>0.000000 0.000000 0.000000 </item>
    <item name='3D/rotate' type='array' priority='0'>0.000000 0.000000 1.000000 0.000000 </item>
    <item name='3D/scale' type='array' priority='0'>1.000000 1.000000 1.000000 </item>
    <item name='blend/enable' type='boolean' priority='0'>1</item>
    <item name='blend/mode' type='array' priority='0'>6 7 </item>
    <item name='color/alpha' type='decimal' priority='0'>1.000000</item>
    <item name='color/inherit' type='boolean' priority='0'>0</item>
    <item name='color/rgb' type='array' priority='0'>1.000000 1.000000 1.000000 </item>
    <item name='depth/clear' type='boolean' priority='0'>0</item>
    <item name='depth/enable' type='boolean' priority='0'>0</item>
    <item name='depth/inherit' type='boolean' priority='0'>0</item>
    <item name='dim' type='integer' priority='1'>1</item>
    <item name='fog/amount' type='decimal' priority='0'>0.000000</item>
    <item name='fog/inherit' type='boolean' priority='0'>0</item>
    <item name='fog/params' type='array' priority='0'>0.000000 0.000000 0.000000 0.000000 0.000000 0.000000 0.000000 </item>
    <item name='folder' type='string' priority='1'>0</item>
    <item name='material/automatic' type='boolean' priority='0'>1</item>
    <item name='material/inherit' type='boolean' priority='0'>0</item>
    <item name='material/light/ambient' type='array' priority='0'>0.000000 0.000000 0.000000 0.000000 </item>
    <item name='material/light/diffuse' type='array' priority='0'>0.000000 0.000000 0.000000 0.000000 </item>
    <item name='material/light/emission' type='array' priority='0'>0.000000 0.000000 0.000000 0.000000 </item>
    <item name='material/light/enable' type='boolean' priority='0'>0</item>
    <item name='material/light/specular' type='array' priority='0'>0.000000 0.000000 0.000000 0.000000 </item>
    <item name='material/shininess' type='decimal' priority='0'>16.000000</item>
    <item name='render/antialias' type='boolean' priority='0'>0</item>
    <item name='render/automatic' type='boolean' priority='0'>1</item>
    <item name='render/context' type='string' priority='0'>gl_out</item>
    <item name='render/enable' type='boolean' priority='0'>1</item>
    <item name='render/layer' type='integer' priority='0'>0</item>
    <item name='texture/keepratio' type='boolean' priority='1'>0</item>
    <item name='texture/random' type='boolean' priority='1'>1</item>
    <item name='video/freeze' type='boolean' priority='0'>0</item>
    <item name='video/mute' type='boolean' priority='0'>0</item>
    <item name='view/color/border' type='array' priority='0'>0</item>
    <item name='view/color/contentBackground' type='array' priority='0'>0</item>
    <item name='view/color/toolbarBackground' type='array' priority='0'>0</item>
    <item name='view/color/toolbarText' type='array' priority='0'>0</item>
    <item name='view/freeze' type='boolean' priority='0'>0</item>
    <item name='view/size' type='array' priority='0'>300 140 </item>
  </preset>
</jamoma>
