<?xml version='1.0' encoding='iso-8859-1' standalone='yes' ?>

<jamoma version='0.4'
		xmlns:xsi='http://www.w3.org/2001/XMLSchema-instance'
		xsi:schemaLocation='http://jamoma.org/ file:jamoma.xsd'
>
  <preset number='1' name='default'>
    <item name='audio/gain' type='decimal' priority='0' mixweight='1'>100.000000</item>
    <item name='audio/mute' type='boolean' priority='0' mixweight='1'>0</item>
    <item name='numSources' type='integer' priority='2' mixweight='1'>8</item>
    <item name='numSpeakers' type='integer' priority='3' mixweight='1'>8</item>
    <item name='rolloff' type='decimal' priority='0' mixweight='1'>6.000000</item>
    <item name='source.1/weight' type='array' priority='0' mixweight='1'>1.000000</item>
    <item name='source.2/weight' type='array' priority='0' mixweight='1'>1.000000</item>
    <item name='source.3/weight' type='array' priority='0' mixweight='1'>1.000000</item>
    <item name='source.4/weight' type='array' priority='0' mixweight='1'>1.000000</item>
    <item name='source.5/weight' type='array' priority='0' mixweight='1'>1.000000</item>
    <item name='source.6/weight' type='array' priority='0' mixweight='1'>1.000000</item>
    <item name='source.7/weight' type='array' priority='0' mixweight='1'>1.000000</item>
    <item name='source.8/weight' type='array' priority='0' mixweight='1'>1.000000</item>
    <item name='view/freeze' type='boolean' priority='0' mixweight='1'>0</item>

  </preset>
</jamoma>
