<?xml version='1.0' encoding='iso-8859-1' standalone='yes' ?>

<jamoma version='0.4'
		xmlns:xsi='http://www.w3.org/2001/XMLSchema-instance'
		xsi:schemaLocation='http://jamoma.org/ file:jamoma.xsd'
>
  <preset number='1' name='default'>
    <item name='bypass' type='boolean' priority='0'>0</item>
    <item name='fade' type='decimal' priority='0'>0.350000</item>
    <item name='freeze' type='boolean' priority='0'>0</item>
    <item name='mute' type='boolean' priority='0'>0</item>
    <item name='noise/granularity.x' type='integer' priority='0'>5</item>
    <item name='noise/granularity.y' type='integer' priority='0'>5</item>
    <item name='noise/probability' type='decimal' priority='0'>0.100000</item>
    <item name='preview' type='boolean' priority='0'>0</item>
    <item name='stability' type='integer' priority='0'>100</item>
    <item name='updaterate' type='integer' priority='0'>33</item>
    <item name='view/freeze' type='boolean' priority='0'>0</item>

  </preset>
</jamoma>
