<?xml version='1.0' encoding='iso-8859-1' standalone='yes' ?>

<jamoma version='0.4'
		xmlns:xsi='http://www.w3.org/2001/XMLSchema-instance'
		xsi:schemaLocation='http://jamoma.org/ file:jamoma.xsd'
>
  <preset number='1' name='default'>
    <item name='audio/active' type='boolean' priority='0' mixweight='1'>0</item>
    <item name='audio/gain' type='decimal' priority='0' mixweight='1'>0.000000</item>
    <item name='audio/mute' type='boolean' priority='0' mixweight='1'>0</item>
    <item name='limiter/active' type='boolean' priority='0' mixweight='1'>1</item>
    <item name='limiter/dcblocker/active' type='boolean' priority='0' mixweight='1'>1</item>
    <item name='limiter/lookahead' type='integer' priority='0' mixweight='1'>64</item>
    <item name='limiter/mode' type='string' priority='0' mixweight='1'>exponential</item>
    <item name='limiter/postamp' type='decimal' priority='0' mixweight='1'>0.000000</item>
    <item name='limiter/preamp' type='decimal' priority='0' mixweight='1'>6.000000</item>
    <item name='limiter/release' type='decimal' priority='0' mixweight='1'>300.000000</item>
    <item name='limiter/threshold' type='decimal' priority='0' mixweight='1'>-1.000000</item>
    <item name='numSpeakers' type='integer' priority='0' mixweight='1'>8</item>
    <item name='offset' type='integer' priority='0' mixweight='1'>0</item>
    <item name='record/filetype' type='string' priority='0' mixweight='1'>default</item>
    <item name='record/samptype' type='string' priority='0' mixweight='1'>default</item>
    <item name='setup' type='array' priority='0' mixweight='1'>1 2 3 4 5 6 7 8 9 10 11 12 13 14 15 16 17 18 19 20 21 22 23 24 25 26 27 28 29 30 31 32 </item>
    <item name='view/freeze' type='boolean' priority='0' mixweight='1'>0</item>

  </preset>
  <preset number='2' name='2 channels'>
    <item name='numSpeakers' type='integer' priority='0' mixweight='1'>2</item>
  </preset>
  <preset number='3' name='4 channels'>
    <item name='numSpeakers' type='integer' priority='0' mixweight='1'>4</item>
  </preset>
  <preset number='5' name='6 channels'>
    <item name='numSpeakers' type='integer' priority='0' mixweight='1'>6</item>
  </preset>
  <preset number='6' name='8 channels'>
    <item name='numSpeakers' type='integer' priority='0' mixweight='1'>8</item>
  </preset>
  <preset number='7' name='16 channels'>
    <item name='numSpeakers' type='integer' priority='0' mixweight='1'>16</item>
  </preset>
  <preset number='8' name='24 channels'>
    <item name='numSpeakers' type='integer' priority='0' mixweight='1'>24</item>
  </preset>
  <preset number='9' name='32 channels'>
    <item name='numSpeakers' type='integer' priority='0' mixweight='1'>32</item>
  </preset>
</jamoma>
