<?xml version='1.0' encoding='iso-8859-1' standalone='yes' ?>

<jamoma version='0.4'
		xmlns:xsi='http://www.w3.org/2001/XMLSchema-instance'
		xsi:schemaLocation='http://jamoma.org/ file:jamoma.xsd'
>
  <preset number='1' name='default'>
    <item name='/centroid/size' type='integer' priority='0'>1</item>
    <item name='/contraction/window/on' type='boolean' priority='0'>0</item>
    <item name='/contraction/window/size' type='integer' priority='0'>0</item>
    <item name='centroid/color' type='array' priority='0'>147 224 0 </item>
    <item name='centroid/on' type='boolean' priority='0'>1</item>
    <item name='centroid/size/on' type='boolean' priority='0'>0</item>
    <item name='contraction/color' type='array' priority='0'>255 126 31 </item>
    <item name='contraction/max/color' type='array' priority='0'>0 255 252 </item>
    <item name='contraction/max/on' type='boolean' priority='0'>1</item>
    <item name='contraction/on' type='boolean' priority='0'>1</item>
    <item name='contraction/slide' type='decimal' priority='0'>0.000000</item>
    <item name='data/smoothing' type='decimal' priority='0'>0.000000</item>
    <item name='video/bypass' type='boolean' priority='0'>0</item>
    <item name='video/freeze' type='boolean' priority='0'>0</item>
    <item name='video/mute' type='boolean' priority='0'>0</item>
    <item name='video/preview' type='boolean' priority='0'>0</item>
    <item name='view/freeze' type='boolean' priority='0'>0</item>

  </preset>
</jamoma>
