<?xml version='1.0' encoding='iso-8859-1' standalone='yes' ?>

<jamoma version='0.4'
		xmlns:xsi='http://www.w3.org/2001/XMLSchema-instance'
		xsi:schemaLocation='http://jamoma.org/ file:jamoma.xsd'
>
  <preset number='1' name='default'>
    <item name='audio/gain' type='decimal' priority='0'>100.000000</item>
    <item name='audio/mix' type='decimal' priority='0'>0.000000</item>
    <item name='audio/mute' type='boolean' priority='0'>0</item>
    <item name='delay/max' type='integer' priority='0'>0</item>
    <item name='interpolation/time' type='integer' priority='0'>0</item>
    <item name='mute.1' type='boolean' priority='0'>0</item>
    <item name='mute.2' type='boolean' priority='0'>0</item>
    <item name='mute.3' type='boolean' priority='0'>0</item>
    <item name='mute.4' type='boolean' priority='0'>0</item>
    <item name='mute.5' type='boolean' priority='0'>0</item>
    <item name='mute.6' type='boolean' priority='0'>0</item>
    <item name='period/max' type='integer' priority='0'>0</item>
    <item name='period/min' type='integer' priority='0'>0</item>
    <item name='pitch/active' type='boolean' priority='0'>0</item>
    <item name='pitch/transpose' type='integer' priority='0'>0</item>
    <item name='randomness/frequency' type='integer' priority='0'>0</item>
    <item name='randomness/granular' type='integer' priority='0'>0</item>
    <item name='respect.1' type='integer' priority='0'>120</item>
    <item name='respect.2' type='integer' priority='0'>120</item>
    <item name='respect.3' type='integer' priority='0'>120</item>
    <item name='respect.4' type='integer' priority='0'>120</item>
    <item name='respect.5' type='integer' priority='0'>120</item>
    <item name='respect.6' type='integer' priority='0'>120</item>
    <item name='respect' type='integer' priority='0'>0</item>
    <item name='speed/min' type='decimal' priority='0'>0</item>
    <item name='speed/min' type='decimal' priority='0'>0</item>
    <item name='temporal/active' type='boolean' priority='0'>0</item>
    <item name='transpose.1' type='integer' priority='0'>120</item>
    <item name='transpose.2' type='integer' priority='0'>120</item>
    <item name='transpose.3' type='integer' priority='0'>120</item>
    <item name='transpose.4' type='integer' priority='0'>120</item>
    <item name='transpose.5' type='integer' priority='0'>120</item>
    <item name='transpose.6' type='integer' priority='0'>120</item>
    <item name='transpose' type='integer' priority='0'>0</item>
    <item name='view/freeze' type='boolean' priority='0'>0</item>
    <item name='view/color/border' type='array' priority='0'>0</item>
    <item name='view/color/contentBackground' type='array' priority='0'>0</item>
    <item name='view/color/toolbarBackground' type='array' priority='0'>0</item>
    <item name='view/color/toolbarText' type='array' priority='0'>0</item>
    <item name='volume.1' type='integer' priority='0'>100</item>
    <item name='volume.2' type='integer' priority='0'>100</item>
    <item name='volume.3' type='integer' priority='0'>100</item>
    <item name='volume.4' type='integer' priority='0'>100</item>
    <item name='volume.5' type='integer' priority='0'>100</item>
    <item name='volume.6' type='integer' priority='0'>100</item>
  </preset>
</jamoma>
