<?xml version='1.0' encoding='iso-8859-1' standalone='yes' ?>

<jamoma version='0.4'
		xmlns:xsi='http://www.w3.org/2001/XMLSchema-instance'
		xsi:schemaLocation='http://jamoma.org/ file:jamoma.xsd'
>
  <preset number='1' name='default'>
    <item name='audio/gain' type='decimal' priority='0'>100.000000</item>
    <item name='audio/mute' type='boolean' priority='0'>0</item>
    <item name='balance' type='decimal' priority='0'>-0.034826</item>
    <item name='loopmode' type='integer' priority='34'>1</item>
    <item name='mainfolder' type='array' priority='30'>0</item>
    <item name='pitch' type='decimal' priority='35'>1.000000</item>
    <item name='play' type='integer' priority='36'>0</item>
    <item name='rampmode' type='integer' priority='32'>0</item>
    <item name='ramptime' type='decimal' priority='33'>0</item>
    <item name='selectedfile' type='string' priority='31'>Copie de solopeltetmarto2.wav </item>
    <item name='view/freeze' type='boolean' priority='0'>0</item>
    <item name='view/color/border' type='array' priority='0'>0</item>
    <item name='view/color/contentBackground' type='array' priority='0'>0</item>
    <item name='view/color/toolbarBackground' type='array' priority='0'>0</item>
    <item name='view/color/toolbarText' type='array' priority='0'>0</item>
  </preset>
</jamoma>
