<?xml version="1.0" encoding="utf-8" standalone="yes"?>
<?xml-stylesheet href="./_jdoc_ref.xsl" type="text/xsl"?>
<c74object category='interface, control, osc' name='jcom.hub' module='Jamoma'>
  <digest>
    The central nervouos system of a Jammoma module
  </digest>
  <!--DESCRIPTION-->
  <description>
    &quot;jcom.hub is the central brain in a jamoma module. It parses input,
    distributes messaging to parameters, manages the pattrstorage object,
    generates documentation, configures the <jcom>jcom.gui</jcom> object, etc.&quot; 
  </description>
  <metadatalist>
    <metadata name='author'>
      Jamoma
    </metadata>
    <metadata name='tag'>
      interface
    </metadata>
    <metadata name='tag'>
      control
    </metadata>
    <metadata name='tag'>
      osc
    </metadata>
  </metadatalist>
  <!--INLETS-->
  <inletlist/>
  <!--OUTLETS-->
  <outletlist/>
  <!--ATTRIBUTES-->
  <attributelist>
    <attribute name='algorithm_type' get='1' size='1' set='1'>
      <digest>
        What kind of algorithm do the module embed (control, jitter, etc.)?
      </digest>
      <description>
        What kind of algorithm do the module embed (control, jitter, etc.)?
      </description>
    </attribute>
    <attribute name='class' get='1' size='1' set='1'>
      <digest>
        Module class name
      </digest>
      <description>
        Module class name
      </description>
    </attribute>
    <attribute name='description' get='1' size='1' set='1'>
      <digest>
        A textual description of the module fpr auto-documentation purpoises
      </digest>
      <description>
        A textual description of the module fpr auto-documentation purpoises
      </description>
    </attribute>
    <attribute name='module_type' get='1' size='1' set='1'>
      <digest>
        What kind of module is this? (audio, video, control, etc.)
      </digest>
      <description>
        What kind of module is this? (audio, video, control, etc.)
      </description>
    </attribute>
    <attribute name='name' get='1' size='1' set='1'>
      <digest>
        Name of the module
      </digest>
      <description>
        Name of the module
      </description>
    </attribute>
    <attribute name='user_path' get='1' size='1' set='1'>
      <digest>
        The path of the last file used to save the presets
      </digest>
      <description>
        The path of the last file used to save the presets
      </description>
    </attribute>
  </attributelist>
  <!--MESSAGES-->
  <methodlist>
    <method name='bang'>
      <digest>
        bang is triggering calculations of new ramp values when the
        asynchronuous ramp drive method is used
      </digest>
      <description>
        bang is triggering calculations of new ramp values when the
        asynchronuous ramp drive method is used
      </description>
    </method>
    <method name='/algorithm_type:/get'>
      <digest>
        Get the algoritm type of this module
      </digest>
      <description>
        Get the algoritm type of this module
      </description>
    </method>
    <method name='/alias'>
      <digest>
        Provide the module with an OSC alias. This can be used for future remote
        OSC communiation to the module.
      </digest>
      <description>
        Provide the module with an OSC alias. This can be used for future remote
        OSC communiation to the module.
      </description>
    </method>
    <method name='/alias/remove'>
      <digest>
        Remove the OSC alias of the module
      </digest>
      <description>
        Remove the OSC alias of the module
      </description>
    </method>
    <method name='/core_module_name:/get'>
      <digest>
        Get the name of the core module, whatever that is
      </digest>
      <description>
        Get the name of the core module, whatever that is
      </description>
    </method>
    <method name='/documentation/generate'>
      <digest>
        Generate HTML documentation for this module. This message is implemented
        as a <jcom>jcom.message</jcom> embedded in the <jcom>jcom.ui</jcom> object
      </digest>
      <description>
        Generate HTML documentation for this module. This message is implemented
        as a <jcom>jcom.message</jcom> embedded in the <jcom>jcom.ui</jcom> object
      </description>
    </method>
    <method name='/init'>
      <digest>
        Initialise this module. This message is implemented as a <jcom>jcom.message</jcom>
        embedded in the <jcom>jcom.ui</jcom> object
      </digest>
      <description>
        Initialise this module. This message is implemented as a <jcom>jcom.message</jcom>
        embedded in the <jcom>jcom.ui</jcom> object
      </description>
    </method>
    <method name='/message_names:/dump'>
      <digest>
        Get the names of all <jcom>jcom.message</jcom> objects associated with this module
      </digest>
      <description>
        Get the names of all <jcom>jcom.message</jcom> objects associated with this module
      </description>
    </method>
    <method name='/module/help'>
      <digest>
        Open the help patch for this module.
      </digest>
      <description>
        Open the help patch for this module.
      </description>
    </method>
    <method name='/module/reference'>
      <digest>
        Open the HTML reference file for this module.
      </digest>
      <description>
        Open the HTML reference file for this module.
      </description>
    </method>
    <method name='/module_name:/get'>
      <digest>
        Get the current OSC alias name of the module
      </digest>
      <description>
        Get the current OSC alias name of the module
      </description>
    </method>
    <method name='/name:/get'>
      <digest>
        Get the current OSC alias name of the module
      </digest>
      <description>
        Get the current OSC alias name of the module
      </description>
    </method>
    <method name='/parameter_names:/dump'>
      <digest>
        Get the names of all <jcom>jcom.parameter</jcom> objects associated with this module
      </digest>
      <description>
        Get the names of all <jcom>jcom.parameter</jcom> objects associated with this module
      </description>
    </method>
    <method name='/parameter_values:/dump'>
      <digest>
        Get current values of all <jcom>jcom.parameter</jcom> objects associated with this
        module
      </digest>
      <description>
        Get current values of all <jcom>jcom.parameter</jcom> objects associated with this
        module
      </description>
    </method>
    <method name='/preset/store [preset-number preset-name]'>
      <digest>
        Make snapshot of current parameter settings, and add as a new preset to
        the preset file currently loaded in RAM. Please note that the new preset
        is not stored to disk. In order to save the updated set of presets to
        disk, use the message /preset/write. This message is implemented as a
        <jcom>jcom.message</jcom> embedded in the <jcom>jcom.ui</jcom> object
      </digest>
      <description>
        Make snapshot of current parameter settings, and add as a new preset to
        the preset file currently loaded in RAM. Please note that the new preset
        is not stored to disk. In order to save the updated set of presets to
        disk, use the message /preset/write. This message is implemented as a
        <jcom>jcom.message</jcom> embedded in the <jcom>jcom.ui</jcom> object
      </description>
    </method>
    <method name='/preset/write'>
      <digest>
        Write current preset file to disk. This message is implemented as a
        <jcom>jcom.message</jcom> embedded in the <jcom>jcom.ui</jcom> object
      </digest>
      <description>
        Write current preset file to disk. This message is implemented as a
        <jcom>jcom.message</jcom> embedded in the <jcom>jcom.ui</jcom> object
      </description>
    </method>
    <method name='/return_names:/dump'>
      <digest>
        Get the names of all <jcom>jcom.return</jcom> objects associated with this module
      </digest>
      <description>
        Get the names of all <jcom>jcom.return</jcom> objects associated with this module
      </description>
    </method>
    <method name='/*_names:/dump'>
      <digest>
        Get the names of all <jcom>jcom.message,</jcom> <jcom>jcom.parameter</jcom> and <jcom>jcom.return</jcom>
        objects associated with this module
      </digest>
      <description>
        Get the names of all <jcom>jcom.message,</jcom> <jcom>jcom.parameter</jcom> and <jcom>jcom.return</jcom>
        objects associated with this module
      </description>
    </method>
    <method name='(anything)'>
      <digest>
        a
      </digest>
      <description>
        a
      </description>
    </method>
  </methodlist>
  <!--ARGUMENTS-->
  <objarglist/>
  <!--EXAMPLE-->
  <!--SEE ALSO-->
  <seealsolist>
    <seealso name='jcom.message'/>
    <seealso name='jcom.parameter'/>
    <seealso name='jcom.return'/>
    <seealso name='jcom.in'/>
    <seealso name='jcom.in~'/>
    <seealso name='jcom.out'/>
    <seealso name='jcom.out'/>
  </seealsolist>
  <discussion>
    Jamoma is a free and open source project. http://www.jamoma.org
  </discussion>
  <!--MISC-->
  <misc name='Output'>
    <entry name='left'>
      <description>
        Connect to left outlet of the module. Used for OSC communication from
        the module.
      </description>
    </entry>
    <entry name='right'>
      <description>
        dumpout
      </description>
    </entry>
  </misc>
</c74object>