<?xml version="1.0" encoding="utf-8" standalone="yes"?>
<?xml-stylesheet href="./_jdoc_ref.xsl" type="text/xsl"?>
<c74object category='loadbang, initialization, order, loading' name='jcom.initialized' module='Jamoma'>
  <digest>
    Send a bang when a module has been initialized
  </digest>
  <!--DESCRIPTION-->
  <description>
    <jcom>jcom.initialized</jcom> is somewhat similar to Max&apos;s <o>loadbang</o> and sends a
    <m>bang</m> when a particular module has been initialized. 
  </description>
  <metadatalist>
    <metadata name='author'>
      Jamoma
    </metadata>
    <metadata name='author'>
      Julien Rabin
    </metadata>
    <metadata name='tag'>
      loadbang
    </metadata>
    <metadata name='tag'>
      initialization
    </metadata>
    <metadata name='tag'>
      order
    </metadata>
    <metadata name='tag'>
      loading
    </metadata>
  </metadatalist>
  <!--INLETS-->
  <inletlist/>
  <!--OUTLETS-->
  <outletlist/>
  <!--ATTRIBUTES-->
  <attributelist/>
  <!--MESSAGES-->
  <methodlist/>
  <!--ARGUMENTS-->
  <objarglist>
    <objarg type='string' name='name'>
      <digest>
        Defines the module name (such as @/myModule.1@) to get initialization
        notification from.
      </digest>
      <description>
        Defines the module name (such as @/myModule.1@) to get initialization
        notification from.
      </description>
    </objarg>
    <objarg type='integer/decimal' name='output_delay' optional='1'>
      <digest>
        This optional argument defines a delay time before outputting a <m>bang</m>.
      </digest>
      <description>
        This optional argument defines a delay time before outputting a <m>bang</m>.
      </description>
    </objarg>
  </objarglist>
  <!--EXAMPLE-->
  <examplelist>
    <example img='jcom.initialized.maxref.png'/>
  </examplelist>
  <!--SEE ALSO-->
  <seealsolist>
    <seealso name='jcom.init'/>
    <seealso name='jcom.receive'/>
    <seealso name='loadbang'/>
  </seealsolist>
  <discussion>
    _
  </discussion>
  <!--MISC-->
  <misc name='Output'>
    <entry name='1'>
      <description>
        A <m>bang</m> is returned when the defined module is initialized.
      </description>
    </entry>
  </misc>
</c74object>