<?xml version="1.0" encoding="utf-8" standalone="yes"?>
<?xml-stylesheet href="./_jdoc_ref.xsl" type="text/xsl"?>
<c74object category='osc, routing' name='jcom.pass' module='Jamoma'>
  <digest>
    Efficent way to route (OSC) messages and numbers to different outlets
  </digest>
  <!--DESCRIPTION-->
  <description>
    <jcom>jcom.pass</jcom> routes entire (OSC) messages to dedicated outlets and optionally
    strips away the leading slash. It is faster than <jcom>jcom.oscroute,</jcom> because
    <jcom>jcom.pass</jcom> does not parse and process the osc string further. In contrast to
    @route@, <jcom>jcom.pass</jcom> does not delete the message name. 
  </description>
  <metadatalist>
    <metadata name='author'>
      Jamoma
    </metadata>
    <metadata name='tag'>
      osc
    </metadata>
    <metadata name='tag'>
      routing
    </metadata>
  </metadatalist>
  <!--INLETS-->
  <inletlist/>
  <!--OUTLETS-->
  <outletlist/>
  <!--ATTRIBUTES-->
  <attributelist>
    <attribute type='boolean' name='strip' get='1' size='1' set='1'>
      <digest>
        Strip any leading slashes from the messages.
      </digest>
      <description>
        Strip any leading slashes from the messages.
      </description>
    </attribute>
    <attribute type='boolean' name='stripnonmatches' get='1' size='1' set='1'>
      <digest>
        Strip any leading slashes from the messages at the overflow outlet.
      </digest>
      <description>
        Strip any leading slashes from the messages at the overflow outlet.
      </description>
    </attribute>
  </attributelist>
  <!--MESSAGES-->
  <methodlist>
    <method name='OSC-message'>
      <digest>
        Any OSC message
      </digest>
      <description>
        Any OSC message
      </description>
    </method>
    <method name='anything'>
      <digest>
        any list, if it does not match any argument, it will be send to the
        rightmost outlet
      </digest>
      <description>
        any list, if it does not match any argument, it will be send to the
        rightmost outlet
      </description>
    </method>
  </methodlist>
  <!--ARGUMENTS-->
  <objarglist>
    <objarg type='symbol' name='name' optional='1'>
      <digest>
        name of the message routed to the Nth outlet
      </digest>
      <description>
        name of the message routed to the Nth outlet
      </description>
    </objarg>
  </objarglist>
  <!--EXAMPLE-->
  <examplelist>
    <example img='jcom.pass.maxref.png'/>
  </examplelist>
  <!--SEE ALSO-->
  <seealsolist>
    <seealso name='jcom.oscroute'/>
    <seealso name='jcom.instance2instance'/>
    <seealso name='route'/>
    <seealso name='select'/>
  </seealsolist>
  <discussion>
    Jamoma is a free and open source project. http://www.jamoma.org
  </discussion>
  <!--MISC-->
  <misc name='Output'>
    <entry name='Nth'>
      <description>
        Output message routed through the Nth argument
      </description>
    </entry>
    <entry name='right'>
      <description>
        dumpout / overflow from non-matching inputs
      </description>
    </entry>
  </misc>
</c74object>