<?xml version="1.0" encoding="utf-8" standalone="yes"?>
<?xml-stylesheet href="./_jdoc_ref.xsl" type="text/xsl"?>
<c74object category='initialization, loadbang' name='jcom.init' module='Jamoma'>
  <digest>
    Utility for initialization of module
  </digest>
  <!--DESCRIPTION-->
  <description>
    <jcom>jcom.init</jcom> is a kind of <o>loadbang</o> that outputs a <m>bang</m> when a module is
    initialized. It connects to <jcom>jcom.hub</jcom> in order to link to all other instances
    of <jcom>jcom.init</jcom> within the same module. It also makes <jcom>jcom.hub</jcom> reset all
    parameters to the default preset. 
  </description>
  <metadatalist>
    <metadata name='author'>
      Jamoma
    </metadata>
    <metadata name='author'>
      Julien Rabin
    </metadata>
    <metadata name='tag'>
      initialization
    </metadata>
    <metadata name='tag'>
      loadbang
    </metadata>
  </metadatalist>
  <!--INLETS-->
  <inletlist/>
  <!--OUTLETS-->
  <outletlist/>
  <!--ATTRIBUTES-->
  <attributelist>
    <attribute type='string' name='name' get='1' size='1' set='1'>
      <digest>
        Set a name for <jcom>jcom.init.</jcom>
      </digest>
      <description>
        Set a name for <jcom>jcom.init.</jcom>
      </description>
    </attribute>
  </attributelist>
  <!--MESSAGES-->
  <methodlist>
    <method name='bang'>
      <digest>
        Make <jcom>jcom.hub</jcom> reset all parameters to the default preset.
      </digest>
      <description>
        Make <jcom>jcom.hub</jcom> reset all parameters to the default preset.
      </description>
    </method>
    <method name='name/get'>
      <digest>
        Make <jcom>jcom.hub</jcom> to output its name out of its right-most outlet.
      </digest>
      <description>
        Make <jcom>jcom.hub</jcom> to output its name out of its right-most outlet.
      </description>
    </method>
  </methodlist>
  <!--ARGUMENTS-->
  <objarglist>
    <objarg type='string' name='name' optional='1'>
      <digest>
        Set a name for <jcom>jcom.init.</jcom>
      </digest>
      <description>
        Set a name for <jcom>jcom.init.</jcom>
      </description>
    </objarg>
  </objarglist>
  <!--EXAMPLE-->
  <examplelist>
    <example img='jcom.init.maxref.png'/>
  </examplelist>
  <!--SEE ALSO-->
  <seealsolist>
    <seealso name='jmod.initialized'/>
    <seealso name='jcom.hub'/>
  </seealsolist>
  <discussion>
    _
  </discussion>
  <!--MISC-->
  <misc name='Output'>
    <entry name='1'>
      <description/>
    </entry>
  </misc>
</c74object>