<?xml version="1.0" encoding="utf-8" standalone="yes"?>
<?xml-stylesheet href="./_jdoc_ref.xsl" type="text/xsl"?>
<c74object category='interface, control, osc' name='jcom.return' module='Jamoma'>
  <digest>
    Return information from the module to the outside world.
  </digest>
  <!--DESCRIPTION-->
  <description>
    &quot;jcom.return is used to expose data created in a jamoma module to
    <jcom>jcom.hub</jcom> and output them at the leftmost module&apos;s outlet&apos;.&quot; 
  </description>
  <metadatalist>
    <metadata name='author'>
      Jamoma
    </metadata>
    <metadata name='tag'>
      interface
    </metadata>
    <metadata name='tag'>
      control
    </metadata>
    <metadata name='tag'>
      osc
    </metadata>
  </metadatalist>
  <!--INLETS-->
  <inletlist/>
  <!--OUTLETS-->
  <outletlist/>
  <!--ATTRIBUTES-->
  <attributelist>
    <attribute type='boolean' name='enable' get='1' size='1' set='1'>
      <digest>
        Activates sending of input data to the Jamoma World
      </digest>
      <description>
        Activates sending of input data to the Jamoma World
      </description>
    </attribute>
    <attribute type='symbol' name='type' get='1' size='1' set='1'>
      <digest>
        Datatype of the input data. Optinons are: decimal, integer, boolean,
        string, array, generic
      </digest>
      <description>
        Datatype of the input data. Optinons are: decimal, integer, boolean,
        string, array, generic
      </description>
    </attribute>
    <attribute type='array [low-bound high-bond]' name='range/bounds' get='1' size='1' set='1'>
      <digest>
        Lower and upper boundaries defining the range of possible parameter
        values.
      </digest>
      <description>
        Lower and upper boundaries defining the range of possible parameter
        values.
      </description>
    </attribute>
    <attribute type='symbol' name='range/clipmode' get='1' size='1' set='1'>
      <digest>
        Define clipping behaviour at the boundaries of the parameter range.
        Options are: none, low, high, wrap, fold
      </digest>
      <description>
        Define clipping behaviour at the boundaries of the parameter range.
        Options are: none, low, high, wrap, fold
      </description>
    </attribute>
    <attribute type='boolean' name='repetitions/allow' get='1' size='1' set='1'>
      <digest>
        Determines whether repeated parameter values will be filtered: when this
        attribute is disabled (default), repetitions are filtered out (like
        [change] object in Max)
      </digest>
      <description>
        Determines whether repeated parameter values will be filtered: when this
        attribute is disabled (default), repetitions are filtered out (like
        [change] object in Max)
      </description>
    </attribute>
    <attribute type='symbol' name='dataspace' get='1' size='1' set='1'>
      <digest>
        Set what dataspace used internally by the parameter for unit
        conversions.
      </digest>
      <description>
        Set what dataspace used internally by the parameter for unit
        conversions.
      </description>
    </attribute>
    <attribute type='symbol' name='dataspace/unit' get='1' size='1' set='1'>
      <digest>
        The dataspace unit used internally by the parameter. Presets are stored
        according to this unit, and output from the left outlet of <jcom>jcom.hub</jcom> (and
        hence the module) will be according to this unit of the dataspace.
      </digest>
      <description>
        The dataspace unit used internally by the parameter. Presets are stored
        according to this unit, and output from the left outlet of <jcom>jcom.hub</jcom> (and
        hence the module) will be according to this unit of the dataspace.
      </description>
    </attribute>
    <attribute type='symbol' name='description' get='1' size='1' set='1'>
      <digest>
        Short info about the parameter. Used for auto-documentation of the
        module.
      </digest>
      <description>
        Short info about the parameter. Used for auto-documentation of the
        module.
      </description>
    </attribute>
  </attributelist>
  <!--MESSAGES-->
  <methodlist/>
  <!--ARGUMENTS-->
  <objarglist>
    <objarg type='symbol' name='name' optional='0'>
      <digest>
        OSC name of the parameter, A couple of names are prohibited because
        these are reserved names used by the Jamoma module.
      </digest>
      <description>
        OSC name of the parameter, A couple of names are prohibited because
        these are reserved names used by the Jamoma module.
      </description>
    </objarg>
  </objarglist>
  <!--EXAMPLE-->
  <examplelist>
    <example img='jcom.return.maxref.png'/>
  </examplelist>
  <!--SEE ALSO-->
  <seealsolist>
    <seealso name='jcom.message'/>
    <seealso name='jcom.parameter'/>
    <seealso name='jcom.hub'/>
    <seealso name='jcom.dataspace'/>
  </seealsolist>
  <discussion>
    Jamoma is a free and open source project. http://www.jamoma.org
  </discussion>
  <!--MISC-->
  <misc name='Output'>
    <entry name='left'>
      <description>
        mirrors input data
      </description>
    </entry>
    <entry name='right'>
      <description>
        dumpout
      </description>
    </entry>
  </misc>
</c74object>