<?xml version="1.0" encoding="utf-8" standalone="yes"?>
<?xml-stylesheet href="./_jdoc_ref.xsl" type="text/xsl"?>
<c74object category='mapping, max' name='jcom.map' module='Jamoma'>
  <digest>
    scaling and mapping of control data
  </digest>
  <!--DESCRIPTION-->
  <description>
    use <jcom>jcom.map</jcom> to scale a number or a list using the Jamoma function library 
  </description>
  <metadatalist>
    <metadata name='author'>
      Jamoma
    </metadata>
    <metadata name='tag'>
      mapping
    </metadata>
    <metadata name='tag'>
      max
    </metadata>
  </metadatalist>
  <!--INLETS-->
  <inletlist>
    <inlet id='0' type='float/int/list'>
      <digest>
        x
      </digest>
      <desc>
        x
      </desc>
    </inlet>
  </inletlist>
  <!--OUTLETS-->
  <outletlist>
    <outlet id='0' type='float/int/list'>
      <digest>
        y=f(x)
      </digest>
      <desc>
        y=f(x)
      </desc>
    </outlet>
    <outlet id='1' type='dumpout'>
      <digest>
        returns .get and get* messages
      </digest>
      <desc>
        returns .get and get* messages
      </desc>
    </outlet>
  </outletlist>
  <!--ATTRIBUTES-->
  <attributelist>
    <attribute type='string' name='function' get='1' size='1' set='1'>
      <digest>
        type of the mapping function
      </digest>
      <description>
        type of the mapping function
      </description>
    </attribute>
    <attribute type='float' name='inputMin' get='1' size='1' set='1'>
      <digest>
        minimum input value
      </digest>
      <description>
        minimum input value
      </description>
    </attribute>
    <attribute type='float' name='inputMax' get='1' size='1' set='1'>
      <digest>
        maximum input value
      </digest>
      <description>
        maximum input value
      </description>
    </attribute>
    <attribute type='float' name='outputMin' get='1' size='1' set='1'>
      <digest>
        minimum input value
      </digest>
      <description>
        minimum input value
      </description>
    </attribute>
    <attribute type='float' name='outputMax' get='1' size='1' set='1'>
      <digest>
        maximum output value
      </digest>
      <description>
        maximum output value
      </description>
    </attribute>
  </attributelist>
  <!--MESSAGES-->
  <methodlist>
    <method name='getfunction'>
      <digest>
        return the current function
      </digest>
      <description>
        return the current function
      </description>
    </method>
    <method name='function.get'>
      <digest>
        returns a list of all mapping functions at the dumpout
      </digest>
      <description>
        returns a list of all mapping functions at the dumpout
      </description>
    </method>
    <method name='function.parameters.get'>
      <digest>
        returns a list of all parameter affecting the current mapping function
      </digest>
      <description>
        returns a list of all parameter affecting the current mapping function
      </description>
    </method>
    <method name='parameter'>
      <digest>
        ADD_TEXT
      </digest>
      <description>
        ADD_TEXT
      </description>
    </method>
    <method name='parameter.get'>
      <digest>
        returns the current state of the requested parameter
      </digest>
      <description>
        returns the current state of the requested parameter
      </description>
    </method>
  </methodlist>
  <!--ARGUMENTS-->
  <objarglist/>
  <!--EXAMPLE-->
  <!--SEE ALSO-->
  <seealsolist>
    <seealso name='jmod.mapperContinuous'/>
    <seealso name='jmod.mapper'/>
    <seealso name='jcom.function'/>
    <seealso name='jcom.dataspace'/>
    <seealso name='scale'/>
  </seealsolist>
  <discussion>
    Jamoma is a free and open source project. http://www.jamoma.org
  </discussion>
  <!--MISC-->
  <misc name='Output'>
    <entry name='int'>
      <description>
        The scaled value of the input integer number.
      </description>
    </entry>
    <entry name='float'>
      <description>
        The scaled value of the input floating point number.
      </description>
    </entry>
    <entry name='list'>
      <description>
        The scaled values when the input is a list of numbers.
      </description>
    </entry>
  </misc>
</c74object>