<?xml version="1.0" encoding="utf-8" standalone="yes"?>
<?xml-stylesheet href="./_jdoc_ref.xsl" type="text/xsl"?>
<c74object category='message, control, osc' name='jcom.message' module='Jamoma'>
  <digest>
    Handling message in the Jamoma modules
  </digest>
  <!--DESCRIPTION-->
  <description>
    &quot;jcom.message creates a message in a Jamoma module and interfaces with
    GUI elements.&quot; 
  </description>
  <metadatalist>
    <metadata name='author'>
      Jamoma
    </metadata>
    <metadata name='tag'>
      message
    </metadata>
    <metadata name='tag'>
      control
    </metadata>
    <metadata name='tag'>
      osc
    </metadata>
  </metadatalist>
  <!--INLETS-->
  <inletlist/>
  <!--OUTLETS-->
  <outletlist/>
  <!--ATTRIBUTES-->
  <attributelist>
    <attribute type='symbol' name='type' get='1' size='1' set='1'>
      <digest>
        Datatype of the message. Optinons are: decimal, integer, boolean,
        string, decimalArray, integerArray, generic
      </digest>
      <description>
        Datatype of the message. Optinons are: decimal, integer, boolean,
        string, decimalArray, integerArray, generic
      </description>
    </attribute>
    <attribute type='array [low-bound high-bond]' name='range/bounds' get='1' size='1' set='1'>
      <digest>
        Lower and upper boundaries defining the range of possible message
        values.
      </digest>
      <description>
        Lower and upper boundaries defining the range of possible message
        values.
      </description>
    </attribute>
    <attribute type='symbol' name='range/clipmode' get='1' size='1' set='1'>
      <digest>
        Define clipping behaviour at the boundaries of the message range.
        Options are: none, low, high, wrap, fold
      </digest>
      <description>
        Define clipping behaviour at the boundaries of the message range.
        Options are: none, low, high, wrap, fold
      </description>
    </attribute>
    <attribute type='symbol' name='ramp/drive' get='1' size='1' set='1'>
      <digest>
        Determines the mechanism used to drive ramping to new message values.
        Options are: none, scheduler, async, queue
      </digest>
      <description>
        Determines the mechanism used to drive ramping to new message values.
        Options are: none, scheduler, async, queue
      </description>
    </attribute>
    <attribute type='symbol' name='ramp/function' get='1' size='1' set='1'>
      <digest>
        The mapping function determining the curve of the ramping to new message
        value.
      </digest>
      <description>
        The mapping function determining the curve of the ramping to new message
        value.
      </description>
    </attribute>
    <attribute type='toggle' name='repetitions/allow' get='1' size='1' set='1'>
      <digest>
        Determines whether repeated message values will be filtered: when this
        attribute is disabled (default), repetitions are filtered out (like
        [change] object in Max)
      </digest>
      <description>
        Determines whether repeated message values will be filtered: when this
        attribute is disabled (default), repetitions are filtered out (like
        [change] object in Max)
      </description>
    </attribute>
    <attribute type='symbol' name='dataspace' get='1' size='1' set='1'>
      <digest>
        Set what dataspace used internally by the message for unit conversions.
      </digest>
      <description>
        Set what dataspace used internally by the message for unit conversions.
      </description>
    </attribute>
    <attribute type='symbol' name='dataspace/unit' get='1' size='1' set='1'>
      <digest>
        The dataspace unit used for communication to the algorithm from the
        outside world.
      </digest>
      <description>
        The dataspace unit used for communication to the algorithm from the
        outside world.
      </description>
    </attribute>
    <attribute type='symbol' name='description' get='1' size='1' set='1'>
      <digest>
        Short info about the message. Used for auto-documentation of the module.
      </digest>
      <description>
        Short info about the message. Used for auto-documentation of the module.
      </description>
    </attribute>
    <attribute type='toggle' name='readonly' get='1' size='1' set='1'>
      <digest>
        Freezes the value of the <jcom>jcom.message</jcom> so that it can&apos;t be updated
      </digest>
      <description>
        Freezes the value of the <jcom>jcom.message</jcom> so that it can&apos;t be updated
      </description>
    </attribute>
    <attribute type='toggle' name='view/freeze' get='1' size='1' set='1'>
      <digest>
        Mutes the leftmost outlet of <jcom>jcom.message</jcom> so that the GUI do not update
      </digest>
      <description>
        Mutes the leftmost outlet of <jcom>jcom.message</jcom> so that the GUI do not update
      </description>
    </attribute>
    <attribute name='value' get='1' size='1' set='1'>
      <digest>
        Current message value
      </digest>
      <description>
        Current message value
      </description>
    </attribute>
    <attribute name='value/default' get='1' size='1' set='1'>
      <digest>
        Default message value
      </digest>
      <description>
        Default message value
      </description>
    </attribute>
    <attribute name='value/stepsize' get='1' size='1' set='1'>
      <digest>
        Step by which the current value is being increased/decreased when a
        /value/inc or /value/dec message is received
      </digest>
      <description>
        Step by which the current value is being increased/decreased when a
        /value/inc or /value/dec message is received
      </description>
    </attribute>
  </attributelist>
  <!--MESSAGES-->
  <methodlist/>
  <!--ARGUMENTS-->
  <objarglist>
    <objarg type='symbol' name='name'>
      <digest>
        OSC name of the message. A couple of names are prohibited because these
        are reserved names used by the Jamoma module.
      </digest>
      <description>
        OSC name of the message. A couple of names are prohibited because these
        are reserved names used by the Jamoma module.
      </description>
    </objarg>
  </objarglist>
  <!--EXAMPLE-->
  <examplelist>
    <example img='jcom.message.maxref.png'/>
  </examplelist>
  <!--SEE ALSO-->
  <seealsolist>
    <seealso name='jcom.parameter'/>
    <seealso name='jcom.hub'/>
    <seealso name='jcom.ramp'/>
    <seealso name='jcom.dataspace'/>
  </seealsolist>
  <discussion>
    _
  </discussion>
  <!--MISC-->
  <misc name='Output'>
    <entry name='left'>
      <description>
        connection to a user interface object
      </description>
    </entry>
    <entry name='middle'>
      <description>
        direct values
      </description>
    </entry>
    <entry name='right'>
      <description>
        dumpout
      </description>
    </entry>
  </misc>
</c74object>