<?xml version='1.0' encoding='iso-8859-1' standalone='yes' ?>

<jamoma version='0.4'
		xmlns:xsi='http://www.w3.org/2001/XMLSchema-instance'
		xsi:schemaLocation='http://jamoma.org/ file:jamoma.xsd'
>
  <preset number='1' name='default'>
    <item name='audio/bypass' type='boolean' priority='0'>0</item>
    <item name='audio/gain' type='decimal' priority='0'>100.000000</item>
    <item name='audio/mute' type='boolean' priority='0'>0</item>
    <item name='flip/x' type='boolean' priority='0'>0</item>
    <item name='flip/y' type='boolean' priority='0'>0</item>
    <item name='flip/z' type='boolean' priority='0'>0</item>
    <item name='rotate/x' type='decimal' priority='0'>0.000000</item>
    <item name='rotate/y' type='decimal' priority='0'>0.000000</item>
    <item name='rotate/z' type='decimal' priority='0'>0.000000</item>
    <item name='view/color/border' type='array' priority='0'>0</item>
    <item name='view/color/contentBackground' type='array' priority='0'>0</item>
    <item name='view/color/toolbarBackground' type='array' priority='0'>0</item>
    <item name='view/color/toolbarText' type='array' priority='0'>0</item>
    <item name='view/freeze' type='boolean' priority='0'>0</item>
    <item name='view/size' type='array' priority='0'>300 70 </item>
  </preset>
</jamoma>
