<?xml version='1.0' encoding='iso-8859-1' standalone='yes' ?>

<jamoma version='0.4'
		xmlns:xsi='http://www.w3.org/2001/XMLSchema-instance'
		xsi:schemaLocation='http://jamoma.org/ file:jamoma.xsd'
>
  <preset number='1' name='default'>
    <item name='center' type='decimal' priority='0'>0.551661</item>
    <item name='freeze' type='boolean' priority='0'>0</item>
    <item name='period' type='integer' priority='0'>398</item>
    <item name='randomness' type='integer' priority='0'>643</item>
    <item name='range' type='decimal' priority='0'>0.232472</item>
    <item name='step' type='decimal' priority='0'>0</item>
    <item name='toggle' type='boolean' priority='0'>0</item>
    <item name='view/freeze' type='boolean' priority='0'>0</item>
    <item name='view/color/border' type='array' priority='0'>0</item>
    <item name='view/color/contentBackground' type='array' priority='0'>0</item>
    <item name='view/color/toolbarBackground' type='array' priority='0'>0</item>
    <item name='view/color/toolbarText' type='array' priority='0'>0</item>
  </preset>
</jamoma>
