<?xml version='1.0' encoding='iso-8859-1' standalone='yes' ?>

<jamoma version='0.4'
		xmlns:xsi='http://www.w3.org/2001/XMLSchema-instance'
		xsi:schemaLocation='http://jamoma.org/ file:jamoma.xsd'
>
  <preset number='1' name='default'>
    <item name='audio/bypass' type='boolean' priority='0'>0</item>
    <item name='audio/gain' type='decimal' priority='0'>0.000000</item>
    <item name='audio/mix' type='decimal' priority='0'>100.000000</item>
    <item name='audio/mute' type='boolean' priority='0'>1</item>
    <item name='bands' type='integer' priority='1'>5</item>
    <item name='filter.1/frequency' type='decimal' priority='0'>100.353867</item>
    <item name='filter.1/gain' type='decimal' priority='0'>0.000000</item>
    <item name='filter.1/q' type='decimal' priority='0'>2.000000</item>
    <item name='filter.1/type' type='string' priority='0'>lowshelf</item>
    <item name='filter.2/frequency' type='decimal' priority='0'>250.000000</item>
    <item name='filter.2/gain' type='decimal' priority='0'>0.000000</item>
    <item name='filter.2/q' type='decimal' priority='0'>2.000000</item>
    <item name='filter.2/type' type='string' priority='0'>peaknotch</item>
    <item name='filter.3/frequency' type='decimal' priority='0'>500.000000</item>
    <item name='filter.3/gain' type='decimal' priority='0'>0.000000</item>
    <item name='filter.3/q' type='decimal' priority='0'>2.000000</item>
    <item name='filter.3/type' type='string' priority='0'>peaknotch</item>
    <item name='filter.4/frequency' type='decimal' priority='0'>1000.000000</item>
    <item name='filter.4/gain' type='decimal' priority='0'>0.000000</item>
    <item name='filter.4/q' type='decimal' priority='0'>2.000000</item>
    <item name='filter.4/type' type='string' priority='0'>peaknotch</item>
    <item name='filter.5/frequency' type='decimal' priority='0'>5000.000000</item>
    <item name='filter.5/gain' type='decimal' priority='0'>0.000000</item>
    <item name='filter.5/q' type='decimal' priority='0'>2.000000</item>
    <item name='filter.5/type' type='string' priority='0'>highshelf</item>
    <item name='view/freeze' type='boolean' priority='0'>0</item>
  </preset>
  <preset number='2' name='notches'>
    <item name='audio/bypass' type='boolean' priority='0'>0</item>
    <item name='audio/gain' type='decimal' priority='0'>100.000000</item>
    <item name='audio/mix' type='decimal' priority='0'>100.000000</item>
    <item name='audio/mute' type='boolean' priority='0'>0</item>
    <item name='bands' type='integer' priority='1'>24</item>
    <item name='filter.1/frequency' type='decimal' priority='0'>76.296318</item>
    <item name='filter.1/gain' type='decimal' priority='0'>-3.809515</item>
    <item name='filter.1/q' type='decimal' priority='0'>3.827188</item>
    <item name='filter.1/type' type='string' priority='0'>lowshelf</item>
    <item name='filter.10/frequency' type='decimal' priority='0'>1537.734375</item>
    <item name='filter.10/gain' type='decimal' priority='0'>0.000000</item>
    <item name='filter.10/q' type='decimal' priority='0'>2.500000</item>
    <item name='filter.10/type' type='string' priority='0'>0</item>
    <item name='filter.11/frequency' type='decimal' priority='0'>2306.601562</item>
    <item name='filter.11/gain' type='decimal' priority='0'>0.000000</item>
    <item name='filter.11/q' type='decimal' priority='0'>2.500000</item>
    <item name='filter.11/type' type='string' priority='0'>0</item>
    <item name='filter.12/frequency' type='decimal' priority='0'>3459.902344</item>
    <item name='filter.12/gain' type='decimal' priority='0'>0.000000</item>
    <item name='filter.12/q' type='decimal' priority='0'>2.500000</item>
    <item name='filter.12/type' type='string' priority='0'>0</item>
    <item name='filter.13/frequency' type='decimal' priority='0'>5189.853516</item>
    <item name='filter.13/gain' type='decimal' priority='0'>0.000000</item>
    <item name='filter.13/q' type='decimal' priority='0'>2.500000</item>
    <item name='filter.13/type' type='string' priority='0'>0</item>
    <item name='filter.14/frequency' type='decimal' priority='0'>7784.780273</item>
    <item name='filter.14/gain' type='decimal' priority='0'>0.000000</item>
    <item name='filter.14/q' type='decimal' priority='0'>2.500000</item>
    <item name='filter.14/type' type='string' priority='0'>0</item>
    <item name='filter.15/frequency' type='decimal' priority='0'>11025.000000</item>
    <item name='filter.15/gain' type='decimal' priority='0'>0.000000</item>
    <item name='filter.15/q' type='decimal' priority='0'>2.500000</item>
    <item name='filter.15/type' type='string' priority='0'>0</item>
    <item name='filter.16/frequency' type='decimal' priority='0'>11025.000000</item>
    <item name='filter.16/gain' type='decimal' priority='0'>0.000000</item>
    <item name='filter.16/q' type='decimal' priority='0'>2.500000</item>
    <item name='filter.16/type' type='string' priority='0'>0</item>
    <item name='filter.17/frequency' type='decimal' priority='0'>11025.000000</item>
    <item name='filter.17/gain' type='decimal' priority='0'>0.000000</item>
    <item name='filter.17/q' type='decimal' priority='0'>2.500000</item>
    <item name='filter.17/type' type='string' priority='0'>0</item>
    <item name='filter.18/frequency' type='decimal' priority='0'>11025.000000</item>
    <item name='filter.18/gain' type='decimal' priority='0'>0.000000</item>
    <item name='filter.18/q' type='decimal' priority='0'>2.500000</item>
    <item name='filter.18/type' type='string' priority='0'>0</item>
    <item name='filter.19/frequency' type='decimal' priority='0'>11025.000000</item>
    <item name='filter.19/gain' type='decimal' priority='0'>0.000000</item>
    <item name='filter.19/q' type='decimal' priority='0'>2.500000</item>
    <item name='filter.19/type' type='string' priority='0'>0</item>
    <item name='filter.2/frequency' type='decimal' priority='0'>249.840424</item>
    <item name='filter.2/gain' type='decimal' priority='0'>8.077622</item>
    <item name='filter.2/q' type='decimal' priority='0'>1.622036</item>
    <item name='filter.2/type' type='string' priority='0'>peaknotch</item>
    <item name='filter.20/frequency' type='decimal' priority='0'>11025.000000</item>
    <item name='filter.20/gain' type='decimal' priority='0'>0.000000</item>
    <item name='filter.20/q' type='decimal' priority='0'>2.500000</item>
    <item name='filter.20/type' type='string' priority='0'>0</item>
    <item name='filter.21/frequency' type='decimal' priority='0'>11025.000000</item>
    <item name='filter.21/gain' type='decimal' priority='0'>0.000000</item>
    <item name='filter.21/q' type='decimal' priority='0'>2.500000</item>
    <item name='filter.21/type' type='string' priority='0'>0</item>
    <item name='filter.22/frequency' type='decimal' priority='0'>11025.000000</item>
    <item name='filter.22/gain' type='decimal' priority='0'>0.000000</item>
    <item name='filter.22/q' type='decimal' priority='0'>2.500000</item>
    <item name='filter.22/type' type='string' priority='0'>0</item>
    <item name='filter.23/frequency' type='decimal' priority='0'>11025.000000</item>
    <item name='filter.23/gain' type='decimal' priority='0'>0.000000</item>
    <item name='filter.23/q' type='decimal' priority='0'>2.500000</item>
    <item name='filter.23/type' type='string' priority='0'>0</item>
    <item name='filter.24/frequency' type='decimal' priority='0'>11025.000000</item>
    <item name='filter.24/gain' type='decimal' priority='0'>0.000000</item>
    <item name='filter.24/q' type='decimal' priority='0'>2.500000</item>
    <item name='filter.24/type' type='string' priority='0'>0</item>
    <item name='filter.3/frequency' type='decimal' priority='0'>617.213806</item>
    <item name='filter.3/gain' type='decimal' priority='0'>9.626923</item>
    <item name='filter.3/q' type='decimal' priority='0'>2.626408</item>
    <item name='filter.3/type' type='string' priority='0'>peaknotch</item>
    <item name='filter.4/frequency' type='decimal' priority='0'>2533.672852</item>
    <item name='filter.4/gain' type='decimal' priority='0'>12.208775</item>
    <item name='filter.4/q' type='decimal' priority='0'>1.389894</item>
    <item name='filter.4/type' type='string' priority='0'>peaknotch</item>
    <item name='filter.5/frequency' type='decimal' priority='0'>5384.319824</item>
    <item name='filter.5/gain' type='decimal' priority='0'>-20.449438</item>
    <item name='filter.5/q' type='decimal' priority='0'>1.132885</item>
    <item name='filter.5/type' type='string' priority='0'>highshelf</item>
    <item name='filter.6/frequency' type='decimal' priority='0'>303.750000</item>
    <item name='filter.6/gain' type='decimal' priority='0'>0.000000</item>
    <item name='filter.6/q' type='decimal' priority='0'>2.500000</item>
    <item name='filter.6/type' type='string' priority='0'>0</item>
    <item name='filter.7/frequency' type='decimal' priority='0'>455.625000</item>
    <item name='filter.7/gain' type='decimal' priority='0'>0.000000</item>
    <item name='filter.7/q' type='decimal' priority='0'>2.500000</item>
    <item name='filter.7/type' type='string' priority='0'>0</item>
    <item name='filter.8/frequency' type='decimal' priority='0'>683.437500</item>
    <item name='filter.8/gain' type='decimal' priority='0'>0.000000</item>
    <item name='filter.8/q' type='decimal' priority='0'>2.500000</item>
    <item name='filter.8/type' type='string' priority='0'>0</item>
    <item name='filter.9/frequency' type='decimal' priority='0'>1025.156250</item>
    <item name='filter.9/gain' type='decimal' priority='0'>0.000000</item>
    <item name='filter.9/q' type='decimal' priority='0'>2.500000</item>
    <item name='filter.9/type' type='string' priority='0'>0</item>
    <item name='view/freeze' type='boolean' priority='0'>0</item>
  </preset>
</jamoma>
