<?xml version='1.0' encoding='iso-8859-1' standalone='yes' ?>

<jamoma version='0.4'
		xmlns:xsi='http://www.w3.org/2001/XMLSchema-instance'
		xsi:schemaLocation='http://jamoma.org/ file:jamoma.xsd'
>
  <preset number='1' name='default'>
    <item name='audio/bypass' type='boolean' priority='0'>0</item>
    <item name='audio/gain' type='decimal' priority='0'>68.000000</item>
    <item name='audio/mix' type='decimal' priority='0'>70.000000</item>
    <item name='audio/mute' type='boolean' priority='0'>0</item>
    <item name='bandwidth' type='decimal' priority='0'>0.700000</item>
    <item name='clear' type='generic' priority='0'>0</item>
    <item name='damping' type='decimal' priority='0'>0.400000</item>
    <item name='early' type='decimal' priority='0'>-12.000000</item>
    <item name='revtime' type='decimal' priority='0'>4.190000</item>
    <item name='roomsize' type='decimal' priority='0'>80.000000</item>
    <item name='tail' type='decimal' priority='0'>-5.000000</item>
    <item name='view/freeze' type='boolean' priority='0'>0</item>
  </preset>
</jamoma>
