<?xml version='1.0' encoding='iso-8859-1' standalone='yes' ?>

<jamoma version='0.4'
		xmlns:xsi='http://www.w3.org/2001/XMLSchema-instance'
		xsi:schemaLocation='http://jamoma.org/ file:jamoma.xsd'
>
  <preset number='1' name='default'>
    <item name='alpha' type='decimal' priority='0' mixweight='1'>1.000000</item>
    <item name='avgluma' type='decimal' priority='0' mixweight='1'>1.000000</item>
    <item name='brightness' type='decimal' priority='0' mixweight='1'>1.000000</item>
    <item name='bypass' type='boolean' priority='0' mixweight='1'>1</item>
    <item name='contrast' type='decimal' priority='0' mixweight='1'>1.000000</item>
    <item name='image' type='decimal' priority='0' mixweight='1'>0.000000</item>
    <item name='preview' type='boolean' priority='0' mixweight='1'>0</item>
    <item name='saturation' type='decimal' priority='0' mixweight='1'>1.000000</item>
    <item name='view/color/border' type='array' priority='0' mixweight='1'>0</item>
    <item name='view/color/contentBackground' type='array' priority='0' mixweight='1'>0</item>
    <item name='view/color/toolbarBackground' type='array' priority='0' mixweight='1'>0</item>
    <item name='view/color/toolbarText' type='array' priority='0' mixweight='1'>0</item>
    <item name='view/freeze' type='boolean' priority='0' mixweight='1'>0</item>
    <item name='view/size' type='array' priority='0' mixweight='1'>300 70 </item>
  </preset>
</jamoma>
