<?xml version='1.0' encoding='iso-8859-1' standalone='yes' ?>

<jamoma version='0.4'
		xmlns:xsi='http://www.w3.org/2001/XMLSchema-instance'
		xsi:schemaLocation='http://jamoma.org/ file:jamoma.xsd'
>
  <preset number='1' name='default'>
    <item name='audio/gain' type='decimal' priority='0'>0.000000</item>
    <item name='audio/mute' type='boolean' priority='0'>1</item>
    <item name='chorus/active' type='boolean' priority='0'>0</item>
    <item name='chorus/depth' type='decimal' priority='0'>40</item>
    <item name='chorus/level' type='decimal' priority='0'>10</item>
    <item name='chorus/speed' type='decimal' priority='0'>0.5</item>
    <item name='chorus/type' type='integer' priority='0'>0</item>
    <item name='chorus/units' type='integer' priority='0'>10</item>
    <item name='reverb/active' type='boolean' priority='0'>0</item>
    <item name='reverb/damping' type='decimal' priority='0'>0.5</item>
    <item name='reverb/level' type='decimal' priority='0'>1.</item>
    <item name='reverb/roomsize' type='decimal' priority='0'>0.8</item>
    <item name='reverb/width' type='decimal' priority='0'>0.7</item>
    <item name='view/freeze' type='boolean' priority='0'>0</item>
  </preset>
</jamoma>
