<?xml version='1.0' encoding='iso-8859-1' standalone='yes' ?>

<jamoma version='0.4'
		xmlns:xsi='http://www.w3.org/2001/XMLSchema-instance'
		xsi:schemaLocation='http://jamoma.org/ file:jamoma.xsd'
>
  <preset number='1' name='default'>
    <item name='clip' type='boolean' priority='0'>1</item>
    <item name='repetitions' type='boolean' priority='0'>0</item>
    <item name='scale/input/max' type='decimal' priority='0'>0</item>
    <item name='scale/input/min' type='decimal' priority='0'>0</item>
    <item name='scale/output/max' type='decimal' priority='0'>127.000000</item>
    <item name='scale/output/min' type='decimal' priority='0'>0</item>
    <item name='scale' type='generic' priority='0'>2</item>
    <item name='smooth' type='boolean' priority='0'>1</item>
    <item name='smooth/value' type='decimal' priority='0'>2.000000</item>
    <item name='view/freeze' type='boolean' priority='0'>0</item>
  </preset>
</jamoma>
