<?xml version='1.0' encoding='iso-8859-1' standalone='yes' ?>

<jamoma version='0.4'
		xmlns:xsi='http://www.w3.org/2001/XMLSchema-instance'
		xsi:schemaLocation='http://jamoma.org/ file:jamoma.xsd'
>
  <preset number='1' name='default'>
    <item name='active' type='boolean' priority='0'>0</item>
    <item name='menu' type='integer' priority='0'>0</item>
    <item name='view/freeze' type='boolean' priority='0'>0</item>
    <item name='updaterate' type='integer' priority='0'>10</item>
  </preset> 

<preset number='2' name='enable all analog outputs'>
    <item name='/analog.0:/enable' type='boolean'>1</item>
    <item name='/analog.1:/enable' type='boolean'>1</item>
	<item name='/analog.2:/enable' type='boolean'>1</item>
	<item name='/analog.3:/enable' type='boolean'>1</item>
	<item name='/analog.4:/enable' type='boolean'>1</item>
	<item name='/analog.5:/enable' type='boolean'>1</item>
  </preset>

<preset number='3' name='enable all digital outputs'>
 	<item name='/digital.2:/enable' type='boolean'>1</item>
	<item name='/digital.3:/enable' type='boolean'>1</item>
	<item name='/digital.4:/enable' type='boolean'>1</item>
	<item name='/digital.5:/enable' type='boolean'>1</item> 
	<item name='/digital.6:/enable' type='boolean'>1</item>    
	<item name='/digital.7:/enable' type='boolean'>1</item>    
	<item name='/digital.8:/enable' type='boolean'>1</item>    
	<item name='/digital.9:/enable' type='boolean'>1</item>   
	<item name='/digital.10:/enable' type='boolean'>1</item>    
	<item name='/digital.11:/enable' type='boolean'>1</item>     
	<item name='/digital.12:/enable' type='boolean'>1</item>    
	<item name='/digital.13:/enable' type='boolean'>1</item>    
  </preset>  
</jamoma>
