<?xml version='1.0' encoding='iso-8859-1' standalone='yes' ?>

<jamoma version='0.4'
		xmlns:xsi='http://www.w3.org/2001/XMLSchema-instance'
		xsi:schemaLocation='http://jamoma.org/ file:jamoma.xsd'
>
  <preset number='1' name='default'>
    <item name='downsampling' type='integer' priority='0'>8</item>
    <item name='lowestFrequency' type='decimal' priority='0'>10.000000</item>
    <item name='threshold' type='decimal' priority='0'>0.100000</item>
    <item name='view/freeze' type='boolean' priority='0'>0</item>
    <item name='updaterate' type='decimal' priority='0'>200.000000</item>
    <item name='view/color/border' type='array' priority='0'>0.620000 0.000000 0.360000 1.000000 </item>
    <item name='view/color/contentBackground' type='array' priority='0'>0</item>
    <item name='view/color/toolbarBackground' type='array' priority='0'>0</item>
    <item name='view/color/toolbarText' type='array' priority='0'>0</item>
    <item name='view/size' type='array' priority='0'>300 70 </item>
  </preset>
</jamoma>
