<?xml version='1.0' encoding='iso-8859-1' standalone='yes' ?>

<jamoma version='0.4'
		xmlns:xsi='http://www.w3.org/2001/XMLSchema-instance'
		xsi:schemaLocation='http://jamoma.org/ file:jamoma.xsd'
>
  <preset number='1' name='default'>
    <item name='acceleration' type='decimal' priority='0'>2.000000</item>
    <item name='attract' type='decimal' priority='0'>4.560000</item>
    <item name='avoid' type='decimal' priority='0'>3.000000</item>
    <item name='center' type='decimal' priority='0'>1.960000</item>
    <item name='edgedist' type='decimal' priority='0'>0.300000</item>
    <item name='flyrect' type='array' priority='0'>-1.000000 1.000000 1.000000 -1.000000 1.000000 -1.000000 </item>
    <item name='inertia' type='decimal' priority='0'>6.000000</item>
    <item name='match' type='decimal' priority='0'>2.270000</item>
    <item name='maxspeed' type='decimal' priority='0'>5.000000</item>
    <item name='minspeed' type='decimal' priority='0'>0.260000</item>
    <item name='mode' type='integer' priority='0'>0</item>
    <item name='neighbors' type='decimal' priority='0'>4.000000</item>
    <item name='number' type='integer' priority='0'>32</item>
    <item name='on' type='boolean' priority='0'>0</item>
    <item name='prefdist' type='decimal' priority='0'>2.550000</item>
    <item name='repel' type='decimal' priority='0'>1.000000</item>
    <item name='speed' type='decimal' priority='0'>1.540000</item>
    <item name='view/freeze' type='boolean' priority='0'>0</item>
    <item name='updaterate' type='integer' priority='0'>33</item>
  </preset>
</jamoma>
