<?xml version='1.0' encoding='iso-8859-1' standalone='yes' ?>

<jamoma version='0.4'
		xmlns:xsi='http://www.w3.org/2001/XMLSchema-instance'
		xsi:schemaLocation='http://jamoma.org/ file:jamoma.xsd'
>
  <preset number='1' name='default'>
    <item name='IP' type='string' priority='0'>192.168.1.168</item>
    <item name='channel.100' type='integer' priority='0'>0</item>
    <item name='channel.101' type='integer' priority='0'>0</item>
    <item name='channel.102' type='integer' priority='0'>0</item>
    <item name='channel.103' type='integer' priority='0'>0</item>
    <item name='channel.104' type='integer' priority='0'>0</item>
    <item name='channel.105' type='integer' priority='0'>0</item>
    <item name='channel.106' type='integer' priority='0'>0</item>
    <item name='channel.107' type='integer' priority='0'>0</item>
    <item name='channel.108' type='integer' priority='0'>0</item>
    <item name='channel.109' type='integer' priority='0'>0</item>
    <item name='channel.10' type='integer' priority='0'>0</item>
    <item name='channel.110' type='integer' priority='0'>0</item>
    <item name='channel.111' type='integer' priority='0'>0</item>
    <item name='channel.112' type='integer' priority='0'>0</item>
    <item name='channel.113' type='integer' priority='0'>0</item>
    <item name='channel.114' type='integer' priority='0'>0</item>
    <item name='channel.115' type='integer' priority='0'>0</item>
    <item name='channel.116' type='integer' priority='0'>0</item>
    <item name='channel.117' type='integer' priority='0'>0</item>
    <item name='channel.118' type='integer' priority='0'>0</item>
    <item name='channel.11' type='integer' priority='0'>0</item>
    <item name='channel.119' type='integer' priority='0'>0</item>
    <item name='channel.12' type='integer' priority='0'>0</item>
    <item name='channel.120' type='integer' priority='0'>0</item>
    <item name='channel.13' type='integer' priority='0'>0</item>
    <item name='channel.14' type='integer' priority='0'>0</item>
    <item name='channel.15' type='integer' priority='0'>0</item>
    <item name='channel.16' type='integer' priority='0'>0</item>
    <item name='channel.17' type='integer' priority='0'>0</item>
    <item name='channel.18' type='integer' priority='0'>0</item>
    <item name='channel.1' type='integer' priority='0'>55</item>
    <item name='channel.19' type='integer' priority='0'>0</item>
    <item name='channel.20' type='integer' priority='0'>0</item>
    <item name='channel.21' type='integer' priority='0'>0</item>
    <item name='channel.22' type='integer' priority='0'>0</item>
    <item name='channel.23' type='integer' priority='0'>0</item>
    <item name='channel.24' type='integer' priority='0'>0</item>
    <item name='channel.25' type='integer' priority='0'>0</item>
    <item name='channel.26' type='integer' priority='0'>0</item>
    <item name='channel.27' type='integer' priority='0'>0</item>
    <item name='channel.28' type='integer' priority='0'>0</item>
    <item name='channel.2' type='integer' priority='0'>48</item>
    <item name='channel.29' type='integer' priority='0'>0</item>
    <item name='channel.30' type='integer' priority='0'>0</item>
    <item name='channel.31' type='integer' priority='0'>0</item>
    <item name='channel.32' type='integer' priority='0'>0</item>
    <item name='channel.33' type='integer' priority='0'>0</item>
    <item name='channel.34' type='integer' priority='0'>0</item>
    <item name='channel.35' type='integer' priority='0'>0</item>
    <item name='channel.36' type='integer' priority='0'>0</item>
    <item name='channel.37' type='integer' priority='0'>0</item>
    <item name='channel.38' type='integer' priority='0'>0</item>
    <item name='channel.39' type='integer' priority='0'>0</item>
    <item name='channel.3' type='integer' priority='0'>50</item>
    <item name='channel.40' type='integer' priority='0'>0</item>
    <item name='channel.41' type='integer' priority='0'>0</item>
    <item name='channel.42' type='integer' priority='0'>0</item>
    <item name='channel.43' type='integer' priority='0'>0</item>
    <item name='channel.44' type='integer' priority='0'>0</item>
    <item name='channel.45' type='integer' priority='0'>0</item>
    <item name='channel.46' type='integer' priority='0'>0</item>
    <item name='channel.47' type='integer' priority='0'>0</item>
    <item name='channel.4' type='integer' priority='0'>0</item>
    <item name='channel.48' type='integer' priority='0'>0</item>
    <item name='channel.49' type='integer' priority='0'>0</item>
    <item name='channel.50' type='integer' priority='0'>0</item>
    <item name='channel.51' type='integer' priority='0'>0</item>
    <item name='channel.52' type='integer' priority='0'>0</item>
    <item name='channel.53' type='integer' priority='0'>0</item>
    <item name='channel.54' type='integer' priority='0'>0</item>
    <item name='channel.55' type='integer' priority='0'>0</item>
    <item name='channel.56' type='integer' priority='0'>0</item>
    <item name='channel.57' type='integer' priority='0'>0</item>
    <item name='channel.58' type='integer' priority='0'>0</item>
    <item name='channel.5' type='integer' priority='0'>0</item>
    <item name='channel.59' type='integer' priority='0'>0</item>
    <item name='channel.60' type='integer' priority='0'>0</item>
    <item name='channel.61' type='integer' priority='0'>0</item>
    <item name='channel.62' type='integer' priority='0'>0</item>
    <item name='channel.63' type='integer' priority='0'>0</item>
    <item name='channel.64' type='integer' priority='0'>0</item>
    <item name='channel.65' type='integer' priority='0'>0</item>
    <item name='channel.66' type='integer' priority='0'>0</item>
    <item name='channel.67' type='integer' priority='0'>0</item>
    <item name='channel.6' type='integer' priority='0'>0</item>
    <item name='channel.68' type='integer' priority='0'>0</item>
    <item name='channel.69' type='integer' priority='0'>0</item>
    <item name='channel.70' type='integer' priority='0'>0</item>
    <item name='channel.71' type='integer' priority='0'>0</item>
    <item name='channel.72' type='integer' priority='0'>0</item>
    <item name='channel.73' type='integer' priority='0'>0</item>
    <item name='channel.74' type='integer' priority='0'>0</item>
    <item name='channel.75' type='integer' priority='0'>0</item>
    <item name='channel.76' type='integer' priority='0'>0</item>
    <item name='channel.77' type='integer' priority='0'>0</item>
    <item name='channel.78' type='integer' priority='0'>0</item>
    <item name='channel.79' type='integer' priority='0'>0</item>
    <item name='channel.7' type='integer' priority='0'>0</item>
    <item name='channel.80' type='integer' priority='0'>0</item>
    <item name='channel.81' type='integer' priority='0'>0</item>
    <item name='channel.82' type='integer' priority='0'>0</item>
    <item name='channel.83' type='integer' priority='0'>0</item>
    <item name='channel.84' type='integer' priority='0'>0</item>
    <item name='channel.85' type='integer' priority='0'>0</item>
    <item name='channel.86' type='integer' priority='0'>0</item>
    <item name='channel.8' type='integer' priority='0'>0</item>
    <item name='channel.87' type='integer' priority='0'>0</item>
    <item name='channel.88' type='integer' priority='0'>0</item>
    <item name='channel.89' type='integer' priority='0'>0</item>
    <item name='channel.90' type='integer' priority='0'>0</item>
    <item name='channel.91' type='integer' priority='0'>0</item>
    <item name='channel.92' type='integer' priority='0'>0</item>
    <item name='channel.93' type='integer' priority='0'>0</item>
    <item name='channel.94' type='integer' priority='0'>0</item>
    <item name='channel.95' type='integer' priority='0'>0</item>
    <item name='channel.96' type='integer' priority='0'>0</item>
    <item name='channel.97' type='integer' priority='0'>0</item>
    <item name='channel.98' type='integer' priority='0'>0</item>
    <item name='channel.99' type='integer' priority='0'>0</item>
    <item name='channel.9' type='integer' priority='0'>0</item>
    <item name='chaser/level' type='integer' priority='0'>61</item>
    <item name='chaser/speed' type='integer' priority='0'>31</item>
    <item name='inhibition' type='integer' priority='0'>0</item>
    <item name='master.1' type='integer' priority='0'>31</item>
    <item name='master.2' type='integer' priority='0'>54</item>
    <item name='master.3' type='integer' priority='0'>30</item>
    <item name='master.4' type='integer' priority='0'>0</item>
    <item name='master.5' type='integer' priority='0'>0</item>
    <item name='master.6' type='integer' priority='0'>0</item>
    <item name='master.7' type='integer' priority='0'>0</item>
    <item name='master.8' type='integer' priority='0'>0</item>
    <item name='port' type='integer' priority='0'>7777</item>
    <item name='view/color/border' type='array' priority='0'>0</item>
    <item name='view/color/contentBackground' type='array' priority='0'>0</item>
    <item name='view/color/toolbarBackground' type='array' priority='0'>0</item>
    <item name='view/color/toolbarText' type='array' priority='0'>0</item>
    <item name='view/freeze' type='boolean' priority='0'>0</item>
    <item name='view/size' type='array' priority='0'>300 70 </item>
  </preset>
</jamoma>
