<?xml version='1.0' encoding='iso-8859-1' standalone='yes' ?>

<jamoma version='0.4'
		xmlns:xsi='http://www.w3.org/2001/XMLSchema-instance'
		xsi:schemaLocation='http://jamoma.org/ file:jamoma.xsd'
>
  <preset number='1' name='default'>
    <item name='amp' type='decimal' priority='0'>0.499000</item>
    <item name='amp/jit' type='decimal' priority='0'>0.000000</item>
    <item name='audio/gain' type='decimal' priority='0'>100.000000</item>
    <item name='audio/mute' type='boolean' priority='0'>0</item>
    <item name='buffersize' type='decimal' priority='0'>0</item>
    <item name='continuous' type='integer' priority='28'>0</item>
    <item name='currentBuffer' type='array' priority='0'>cherokee.aif</item>
    <item name='delay' type='integer' priority='0'>0</item>
    <item name='delay/jit' type='decimal' priority='0'>0.104167</item>
    <item name='density/jit' type='decimal' priority='24'>0</item>
    <item name='density' type='decimal' priority='24'>8.000000</item>
    <item name='length' type='integer' priority='0'>291</item>
    <item name='length/jit' type='decimal' priority='0'>0.060000</item>
    <item name='pitch/jit' type='decimal' priority='0'>0.000000</item>
    <item name='pitch' type='decimal' priority='0'>1.000000</item>
    <item name='position/jit' type='generic' priority='5'>0.099138</item>
    <item name='position' type='decimal' priority='4'>0.000000</item>
    <item name='record/active' type='integer' priority='0'>0</item>
    <item name='record/input' type='array' priority='0'>0</item>
    <item name='sound/bufferpool' type='array' priority='1'>/bufferpool</item>
    <item name='sound/buffer' type='array' priority='3'>cherokee.aif</item>
    <item name='sound/enveloppe' type='string' priority='31'>blackman.aif</item>
    <item name='sound/folder' type='array' priority='2'>AddedFiles</item>
    <item name='view/freeze' type='boolean' priority='0'>0</item>
    <item name='view/color/border' type='array' priority='0'>0</item>
    <item name='view/color/contentBackground' type='array' priority='0'>0</item>
    <item name='view/color/toolbarBackground' type='array' priority='0'>0</item>
    <item name='view/color/toolbarText' type='array' priority='0'>0</item>
    <item name='view/size' type='array' priority='0'>300 175 </item>
    <item name='voices' type='generic' priority='0'>64</item>
  </preset>
</jamoma>
