<?xml version='1.0' encoding='iso-8859-1' standalone='yes' ?>

<jamoma version='0.4'
		xmlns:xsi='http://www.w3.org/2001/XMLSchema-instance'
		xsi:schemaLocation='http://jamoma.org/ file:jamoma.xsd'
>
  <preset number='1' name='default'>
    <item name='bgrd' type='boolean' priority='0'>0</item>
    <item name='flusheventqueue' type='boolean' priority='0'>1</item>
    <item name='menu' type='generic' priority='0'>0</item>
    <item name='nopointer' type='boolean' priority='0'>1</item>
    <item name='on' type='boolean' priority='0'>1</item>
    <item name='view/freeze' type='boolean' priority='0'>0</item>

    <item name='xyrange' type='generic' priority='0'>1</item>
  </preset>
</jamoma>
