<?xml version='1.0' encoding='iso-8859-1' standalone='yes' ?>

<jamoma version='0.4'
		xmlns:xsi='http://www.w3.org/2001/XMLSchema-instance'
		xsi:schemaLocation='http://jamoma.org/ file:jamoma.xsd'
>
  <preset number='1' name='default'>
    <item name='audio/bypass' type='boolean' priority='0'>0</item>
    <item name='audio/gain' type='decimal' priority='0'>0</item>
    <item name='audio/mix' type='decimal' priority='0'>100.000000</item>
    <item name='audio/mute' type='boolean' priority='0'>1</item>
    <item name='delay/left' type='array' priority='0'>1786. 3929. 5357. 7500. 9643. </item>
    <item name='delay/max' type='integer' priority='0'>10000</item>
    <item name='delay/right' type='array' priority='0'>8929. 6429. 4643. 2143. 0. </item>
    <item name='feedback/gain' type='decimal' priority='0'>0</item>
    <item name='feedback/mode' type='string' priority='0'>stereo</item>
    <item name='view/freeze' type='boolean' priority='0'>0</item>
  </preset>
</jamoma>
