<?xml version='1.0' encoding='iso-8859-1' standalone='yes' ?>

<jamoma version='0.4'
		xmlns:xsi='http://www.w3.org/2001/XMLSchema-instance'
		xsi:schemaLocation='http://jamoma.org/ file:jamoma.xsd'
>
  <preset number='1' name='default'>
    <item name='buffer/pixel' type='integer' priority='0'>128</item>
    <item name='buffer/samples' type='integer' priority='0'>128</item>
    <item name='range' type='decimal' priority='0'>1.000000</item>
    <item name='view/freeze' type='boolean' priority='0'>0</item>
   </preset>
</jamoma>
