<?xml version="1.0" encoding="iso-8859-1" standalone="yes"?>

<jamoma version="0.4" 
	xmlns:xsi="http://www.w3.org/2001/XMLSchema-instance"
	xsi:schemaLocation="http://jamoma.org/ file:jamoma.xsd"
>
	
	<preset number="1" name="default">
		<item name="video/preview" type="integer">0</item>
		<item name="video/bypass" type="integer">0</item>
		<item name="video/freeze" type="integer">0</item>
		<item name="video/mute" type="integer">0</item>
		<item name="thresh" type="decimal">0.24</item>
		<item name="algorithm" type="string">Sobel</item>
    </preset>
</jamoma>
