<?xml version="1.0" encoding="iso-8859-1" standalone="yes"?>

<jamoma version="0.4" 
	xmlns:xsi="http://www.w3.org/2001/XMLSchema-instance"
	xsi:schemaLocation="http://jamoma.org/ file:jamoma.xsd"
>
	
	<preset number="1" name="default">
		<item name="video/preview" type="integer">0</item>
		<item name="video/bypass" type="integer">0</item>
		<item name="video/freeze" type="integer">0</item>
		<item name="video/mute" type="integer">0</item>
		<item name="tint/green" type="decimal">0.4</item>
		<item name="tint/red" type="decimal">0.4</item>
		<item name="tint/blue" type="decimal">0.4</item>
		<item name="mask/green" type="decimal">0.</item>
		<item name="mask/red" type="decimal">11.</item>
		<item name="mask/blue" type="decimal">0.</item>
    </preset>
</jamoma>
