<?xml version='1.0' encoding='iso-8859-1' standalone='yes' ?>

<jamoma version='0.4'
		xmlns:xsi='http://www.w3.org/2001/XMLSchema-instance'
		xsi:schemaLocation='http://jamoma.org/ file:jamoma.xsd'
>
  <preset number='1' name='default'>
    <item name='audio/mute' type='boolean' priority='0'>0</item>
    <item name='k/gain' type='decimal' priority='0'>0.000000</item>
    <item name='l/gain' type='decimal' priority='0'>0.000000</item>
    <item name='m/gain' type='decimal' priority='0'>0.000000</item>
    <item name='meter' type='boolean' priority='0'>1</item>
    <item name='n/gain' type='decimal' priority='0'>0.000000</item>
    <item name='o/gain' type='decimal' priority='0'>0.000000</item>
    <item name='order' type='integer' priority='0'>3</item>
    <item name='p/gain' type='decimal' priority='0'>0.000000</item>
    <item name='q/gain' type='decimal' priority='0'>0.000000</item>
    <item name='r/gain' type='decimal' priority='0'>0.000000</item>
    <item name='s/gain' type='decimal' priority='0'>0.000000</item>
    <item name='t/gain' type='decimal' priority='0'>0.000000</item>
    <item name='u/gain' type='decimal' priority='0'>0.000000</item>
    <item name='view/freeze' type='boolean' priority='0'>0</item>
    <item name='v/gain' type='decimal' priority='0'>0.000000</item>

    <item name='w/gain' type='decimal' priority='0'>0.000000</item>
    <item name='x/gain' type='decimal' priority='0'>0.000000</item>
    <item name='y/gain' type='decimal' priority='0'>0.000000</item>
    <item name='z/gain' type='decimal' priority='0'>0.000000</item>
  </preset>
</jamoma>
