<?xml version='1.0' encoding='iso-8859-1' standalone='yes' ?>

<jamoma version='0.4'
		xmlns:xsi='http://www.w3.org/2001/XMLSchema-instance'
		xsi:schemaLocation='http://jamoma.org/ file:jamoma.xsd'
>
  <preset number='1' name='default'>
    <item name='cols' type='integer' priority='2' mixweight='1'>2</item>
    <item name='dotsize' type='decimal' priority='0' mixweight='1'>4.000000</item>
    <item name='presets/list' type='array' priority='3'>1.000000 2.000000 3.000000 4.000000 5.000000 6.000000 7.000000 8.000000 9.000000 </item>
    <item name='rows' type='integer' priority='2' mixweight='1'>2</item>
    <item name='size/x' type='integer' priority='1' mixweight='1'>256</item>
    <item name='size/y' type='integer' priority='1' mixweight='1'>256</item>
    <item name='view/color/border' type='array' priority='0' mixweight='1'>0</item>
    <item name='view/color/contentBackground' type='array' priority='0' mixweight='1'>0</item>
    <item name='view/color/toolbarBackground' type='array' priority='0' mixweight='1'>0</item>
    <item name='view/color/toolbarText' type='array' priority='0' mixweight='1'>0</item>
    <item name='view/freeze' type='boolean' priority='0' mixweight='1'>0</item>
    <item name='view/size' type='array' priority='0'>300 70 </item>
  </preset>
  <preset number='2' name='trackpad_24p_5x3'>
    <item name='cols' type='integer' priority='2' mixweight='1'>5</item>
    <item name='dotsize' type='decimal' priority='0' mixweight='1'>4.000000</item>
    <item name='rows' type='integer' priority='2' mixweight='1'>3</item>
    <item name='size/x' type='integer' priority='1' mixweight='1'>640</item>
    <item name='size/y' type='integer' priority='1' mixweight='1'>384</item>
    <item name='view/color/border' type='array' priority='0' mixweight='1'>0</item>
    <item name='view/color/contentBackground' type='array' priority='0' mixweight='1'>0</item>
    <item name='view/color/toolbarBackground' type='array' priority='0' mixweight='1'>0</item>
    <item name='view/color/toolbarText' type='array' priority='0' mixweight='1'>0</item>
    <item name='view/freeze' type='boolean' priority='0' mixweight='1'>0</item>
    <item name='view/size' type='array' priority='0'>300 70 </item>
  </preset>
  <preset number='3' name='sevenXfour_600_300'>
    <item name='cols' type='integer' priority='2' mixweight='1'>6</item>
    <item name='dotsize' type='decimal' priority='0' mixweight='1'>4.000000</item>
    <item name='rows' type='integer' priority='2' mixweight='1'>3</item>
    <item name='size/x' type='integer' priority='1' mixweight='1'>600</item>
    <item name='size/y' type='integer' priority='1' mixweight='1'>300</item>
    <item name='view/color/border' type='array' priority='0' mixweight='1'>0</item>
    <item name='view/color/contentBackground' type='array' priority='0' mixweight='1'>0</item>
    <item name='view/color/toolbarBackground' type='array' priority='0' mixweight='1'>0</item>
    <item name='view/color/toolbarText' type='array' priority='0' mixweight='1'>0</item>
    <item name='view/freeze' type='boolean' priority='0' mixweight='1'>0</item>
    <item name='view/size' type='array' priority='0'>300 70 </item>
  </preset>
  <preset number='4' name='oneXone_400'>
    <item name='cols' type='integer' priority='2' mixweight='1'>1</item>
    <item name='dotsize' type='decimal' priority='0' mixweight='1'>4.000000</item>
    <item name='rows' type='integer' priority='2' mixweight='1'>1</item>
    <item name='size/x' type='integer' priority='1' mixweight='1'>400</item>
    <item name='size/y' type='integer' priority='1' mixweight='1'>400</item>
    <item name='view/color/border' type='array' priority='0' mixweight='1'>0</item>
    <item name='view/color/contentBackground' type='array' priority='0' mixweight='1'>0</item>
    <item name='view/color/toolbarBackground' type='array' priority='0' mixweight='1'>0</item>
    <item name='view/color/toolbarText' type='array' priority='0' mixweight='1'>0</item>
    <item name='view/freeze' type='boolean' priority='0' mixweight='1'>0</item>
    <item name='view/size' type='array' priority='0'>300 70 </item>
  </preset>
  <preset number='5' name='max_ss'>
    <item name='cols' type='integer' priority='2' mixweight='1'>4</item>
    <item name='dotsize' type='decimal' priority='0' mixweight='1'>4.000000</item>
    <item name='presets/list' type='array' priority='3'>5.000000 6.000000 7.000000 8.000000 9.000000 10.000000 11.000000 12.000000 13.000000 14.000000 15.000000 16.000000 17.000000 18.000000 19.000000 20.000000 21 22 23 24 </item>
    <item name='rows' type='integer' priority='2' mixweight='1'>3</item>
    <item name='size/x' type='integer' priority='1' mixweight='1'>1024</item>
    <item name='size/y' type='integer' priority='1' mixweight='1'>768</item>
    <item name='view/color/border' type='array' priority='0' mixweight='1'>0</item>
    <item name='view/color/contentBackground' type='array' priority='0' mixweight='1'>0</item>
    <item name='view/color/toolbarBackground' type='array' priority='0' mixweight='1'>0</item>
    <item name='view/color/toolbarText' type='array' priority='0' mixweight='1'>0</item>
    <item name='view/freeze' type='boolean' priority='0' mixweight='1'>0</item>
    <item name='view/size' type='array' priority='0'>300 70 </item>
  </preset>
  <preset number='6' name='mix_24'>
    <item name='cols' type='integer' priority='2' mixweight='1'>4</item>
    <item name='dotsize' type='decimal' priority='0' mixweight='1'>4.000000</item>
    <item name='presets/list' type='array' priority='3'>5.000000 6.000000 13 7.000000 14 8.000000 9.000000 10.000000 15 11.000000 12.000000 16.000000 17.000000 18.000000 19.000000 20.000000 21 22 23 24 </item>
    <item name='rows' type='integer' priority='2' mixweight='1'>3</item>
    <item name='size/x' type='integer' priority='1' mixweight='1'>1024</item>
    <item name='size/y' type='integer' priority='1' mixweight='1'>768</item>
    <item name='view/color/border' type='array' priority='0' mixweight='1'>0</item>
    <item name='view/color/contentBackground' type='array' priority='0' mixweight='1'>0</item>
    <item name='view/color/toolbarBackground' type='array' priority='0' mixweight='1'>0</item>
    <item name='view/color/toolbarText' type='array' priority='0' mixweight='1'>0</item>
    <item name='view/freeze' type='boolean' priority='0' mixweight='1'>0</item>
    <item name='view/size' type='array' priority='0'>300 70 </item>
  </preset>
</jamoma>
