<?xml version='1.0' encoding='iso-8859-1' standalone='yes' ?>

<jamoma version='0.4'
		xmlns:xsi='http://www.w3.org/2001/XMLSchema-instance'
		xsi:schemaLocation='http://jamoma.org/ file:jamoma.xsd'
>
  <preset number='1' name='default'>
    <item name='audio/bypass' type='boolean' priority='0' mixweight='1'>0</item>
    <item name='audio/gain' type='decimal' priority='0' mixweight='1'>0</item>
    <item name='audio/mix' type='decimal' priority='0' mixweight='1'>100.000000</item>
    <item name='audio/mute' type='boolean' priority='0' mixweight='1'>1</item>
    <item name='delay/left' type='array' priority='0'>1786 3929 5357 7500 9643 </item>
    <item name='delay/max' type='integer' priority='0' mixweight='1'>10000</item>
    <item name='delay/right' type='array' priority='0'>8929 6429 4643 2143 0 </item>
    <item name='feedback/gain' type='decimal' priority='0' mixweight='1'>0</item>
    <item name='feedback/mode' type='string' priority='0' mixweight='1'>stereo</item>
    <item name='view/freeze' type='boolean' priority='0' mixweight='1'>0</item>
  </preset>
  <preset number='2' name='one'>
    <item name='audio/bypass' type='boolean' priority='0' mixweight='1'>0</item>
    <item name='audio/gain' type='decimal' priority='0' mixweight='1'>0.000000</item>
    <item name='audio/mix' type='decimal' priority='0' mixweight='1'>100.000000</item>
    <item name='audio/mute' type='boolean' priority='0' mixweight='1'>1</item>
    <item name='delay/left' type='array' priority='0'>1786 3929 5357 7500 9643 </item>
    <item name='delay/max' type='integer' priority='0' mixweight='1'>10000</item>
    <item name='delay/right' type='array' priority='0'>8929 6429 4643 2143 0 </item>
    <item name='feedback/gain' type='decimal' priority='0' mixweight='1'>0.000000</item>
    <item name='feedback/mode' type='string' priority='0' mixweight='1'>stereo</item>
    <item name='view/color/border' type='array' priority='0' mixweight='1'>0</item>
    <item name='view/color/contentBackground' type='array' priority='0' mixweight='1'>0</item>
    <item name='view/color/toolbarBackground' type='array' priority='0' mixweight='1'>0</item>
    <item name='view/color/toolbarText' type='array' priority='0' mixweight='1'>0</item>
    <item name='view/freeze' type='boolean' priority='0' mixweight='1'>0</item>
    <item name='view/size' type='array' priority='0'>300 70 </item>
  </preset>
  <preset number='3' name='two'>
    <item name='audio/bypass' type='boolean' priority='0' mixweight='1'>0</item>
    <item name='audio/gain' type='decimal' priority='0' mixweight='1'>0.000000</item>
    <item name='audio/mix' type='decimal' priority='0' mixweight='1'>100.000000</item>
    <item name='audio/mute' type='boolean' priority='0' mixweight='1'>1</item>
    <item name='delay/left' type='array' priority='0'>1786 3929 5357 7500 9643 </item>
    <item name='delay/max' type='integer' priority='0' mixweight='1'>10000</item>
    <item name='delay/right' type='array' priority='0'>10000 10000 10000 10000 10000 </item>
    <item name='feedback/gain' type='decimal' priority='0' mixweight='1'>0.000000</item>
    <item name='feedback/mode' type='string' priority='0' mixweight='1'>stereo</item>
    <item name='view/color/border' type='array' priority='0' mixweight='1'>0</item>
    <item name='view/color/contentBackground' type='array' priority='0' mixweight='1'>0</item>
    <item name='view/color/toolbarBackground' type='array' priority='0' mixweight='1'>0</item>
    <item name='view/color/toolbarText' type='array' priority='0' mixweight='1'>0</item>
    <item name='view/freeze' type='boolean' priority='0' mixweight='1'>0</item>
    <item name='view/size' type='array' priority='0'>300 70 </item>
  </preset>
  <preset number='4' name='three'>
    <item name='audio/bypass' type='boolean' priority='0' mixweight='1'>0</item>
    <item name='audio/gain' type='decimal' priority='0' mixweight='1'>0.000000</item>
    <item name='audio/mix' type='decimal' priority='0' mixweight='1'>100.000000</item>
    <item name='audio/mute' type='boolean' priority='0' mixweight='1'>1</item>
    <item name='delay/left' type='array' priority='0'>10000 6429 5000 3095 0 </item>
    <item name='delay/max' type='integer' priority='0' mixweight='1'>10000</item>
    <item name='delay/right' type='array' priority='0'>0 2857 4286 6190 8810 </item>
    <item name='feedback/gain' type='decimal' priority='0' mixweight='1'>0.000000</item>
    <item name='feedback/mode' type='string' priority='0' mixweight='1'>stereo</item>
    <item name='view/color/border' type='array' priority='0' mixweight='1'>0</item>
    <item name='view/color/contentBackground' type='array' priority='0' mixweight='1'>0</item>
    <item name='view/color/toolbarBackground' type='array' priority='0' mixweight='1'>0</item>
    <item name='view/color/toolbarText' type='array' priority='0' mixweight='1'>0</item>
    <item name='view/freeze' type='boolean' priority='0' mixweight='1'>0</item>
    <item name='view/size' type='array' priority='0'>300 70 </item>
  </preset>
  <preset number='5' name='four'>
    <item name='audio/bypass' type='boolean' priority='0' mixweight='1'>0</item>
    <item name='audio/gain' type='decimal' priority='0' mixweight='1'>0.000000</item>
    <item name='audio/mix' type='decimal' priority='0' mixweight='1'>100.000000</item>
    <item name='audio/mute' type='boolean' priority='0' mixweight='1'>1</item>
    <item name='delay/left' type='array' priority='0'>10000 6429 5000 6429 10000 </item>
    <item name='delay/max' type='integer' priority='0' mixweight='1'>10000</item>
    <item name='delay/right' type='array' priority='0'>8810 6429 2381 1667 238 </item>
    <item name='feedback/gain' type='decimal' priority='0' mixweight='1'>0.000000</item>
    <item name='feedback/mode' type='string' priority='0' mixweight='1'>stereo</item>
    <item name='view/color/border' type='array' priority='0' mixweight='1'>0</item>
    <item name='view/color/contentBackground' type='array' priority='0' mixweight='1'>0</item>
    <item name='view/color/toolbarBackground' type='array' priority='0' mixweight='1'>0</item>
    <item name='view/color/toolbarText' type='array' priority='0' mixweight='1'>0</item>
    <item name='view/freeze' type='boolean' priority='0' mixweight='1'>0</item>
    <item name='view/size' type='array' priority='0'>300 70 </item>
  </preset>
  <preset number='6' name='five'>
    <item name='audio/bypass' type='boolean' priority='0' mixweight='1'>0</item>
    <item name='audio/gain' type='decimal' priority='0' mixweight='1'>0.000000</item>
    <item name='audio/mix' type='decimal' priority='0' mixweight='1'>100.000000</item>
    <item name='audio/mute' type='boolean' priority='0' mixweight='1'>1</item>
    <item name='delay/left' type='array' priority='0'>3333 7381 9524 8571 2619 </item>
    <item name='delay/max' type='integer' priority='0' mixweight='1'>10000</item>
    <item name='delay/right' type='array' priority='0'>8810 6429 4286 5476 10000 </item>
    <item name='feedback/gain' type='decimal' priority='0' mixweight='1'>0.000000</item>
    <item name='feedback/mode' type='string' priority='0' mixweight='1'>stereo</item>
    <item name='view/color/border' type='array' priority='0' mixweight='1'>0</item>
    <item name='view/color/contentBackground' type='array' priority='0' mixweight='1'>0</item>
    <item name='view/color/toolbarBackground' type='array' priority='0' mixweight='1'>0</item>
    <item name='view/color/toolbarText' type='array' priority='0' mixweight='1'>0</item>
    <item name='view/freeze' type='boolean' priority='0' mixweight='1'>0</item>
    <item name='view/size' type='array' priority='0'>300 70 </item>
  </preset>
  <preset number='7' name='six'>
    <item name='audio/bypass' type='boolean' priority='0' mixweight='1'>0</item>
    <item name='audio/gain' type='decimal' priority='0' mixweight='1'>0.000000</item>
    <item name='audio/mix' type='decimal' priority='0' mixweight='1'>100.000000</item>
    <item name='audio/mute' type='boolean' priority='0' mixweight='1'>1</item>
    <item name='delay/left' type='array' priority='0'>476 10000 0 10000 0 </item>
    <item name='delay/max' type='integer' priority='0' mixweight='1'>10000</item>
    <item name='delay/right' type='array' priority='0'>10000 6429 10000 4048 10000 </item>
    <item name='feedback/gain' type='decimal' priority='0' mixweight='1'>0.000000</item>
    <item name='feedback/mode' type='string' priority='0' mixweight='1'>stereo</item>
    <item name='view/color/border' type='array' priority='0' mixweight='1'>0</item>
    <item name='view/color/contentBackground' type='array' priority='0' mixweight='1'>0</item>
    <item name='view/color/toolbarBackground' type='array' priority='0' mixweight='1'>0</item>
    <item name='view/color/toolbarText' type='array' priority='0' mixweight='1'>0</item>
    <item name='view/freeze' type='boolean' priority='0' mixweight='1'>0</item>
    <item name='view/size' type='array' priority='0'>300 70 </item>
  </preset>
  <preset number='8' name='seven'>
    <item name='audio/bypass' type='boolean' priority='0' mixweight='1'>0</item>
    <item name='audio/gain' type='decimal' priority='0' mixweight='1'>0.000000</item>
    <item name='audio/mix' type='decimal' priority='0' mixweight='1'>100.000000</item>
    <item name='audio/mute' type='boolean' priority='0' mixweight='1'>1</item>
    <item name='delay/left' type='array' priority='0'>10000 0 10000 0 10000 </item>
    <item name='delay/max' type='integer' priority='0' mixweight='1'>10000</item>
    <item name='delay/right' type='array' priority='0'>952 6429 476 7857 2143 </item>
    <item name='feedback/gain' type='decimal' priority='0' mixweight='1'>0.200000</item>
    <item name='feedback/mode' type='string' priority='0' mixweight='1'>stereo</item>
    <item name='view/color/border' type='array' priority='0' mixweight='1'>0</item>
    <item name='view/color/contentBackground' type='array' priority='0' mixweight='1'>0</item>
    <item name='view/color/toolbarBackground' type='array' priority='0' mixweight='1'>0</item>
    <item name='view/color/toolbarText' type='array' priority='0' mixweight='1'>0</item>
    <item name='view/freeze' type='boolean' priority='0' mixweight='1'>0</item>
    <item name='view/size' type='array' priority='0'>300 70 </item>
  </preset>
  <preset number='9' name='eight'>
    <item name='audio/bypass' type='boolean' priority='0' mixweight='1'>0</item>
    <item name='audio/gain' type='decimal' priority='0' mixweight='1'>0.000000</item>
    <item name='audio/mix' type='decimal' priority='0' mixweight='1'>100.000000</item>
    <item name='audio/mute' type='boolean' priority='0' mixweight='1'>1</item>
    <item name='delay/left' type='array' priority='0'>0 0 10000 0 0 </item>
    <item name='delay/max' type='integer' priority='0' mixweight='1'>10000</item>
    <item name='delay/right' type='array' priority='0'>10000 10000 476 10000 10000 </item>
    <item name='feedback/gain' type='decimal' priority='0' mixweight='1'>0.200000</item>
    <item name='feedback/mode' type='string' priority='0' mixweight='1'>stereo</item>
    <item name='view/color/border' type='array' priority='0' mixweight='1'>0</item>
    <item name='view/color/contentBackground' type='array' priority='0' mixweight='1'>0</item>
    <item name='view/color/toolbarBackground' type='array' priority='0' mixweight='1'>0</item>
    <item name='view/color/toolbarText' type='array' priority='0' mixweight='1'>0</item>
    <item name='view/freeze' type='boolean' priority='0' mixweight='1'>0</item>
    <item name='view/size' type='array' priority='0'>300 70 </item>
  </preset>
  <preset number='10' name='nine'>
    <item name='audio/bypass' type='boolean' priority='0' mixweight='1'>0</item>
    <item name='audio/gain' type='decimal' priority='0' mixweight='1'>0.000000</item>
    <item name='audio/mix' type='decimal' priority='0' mixweight='1'>100.000000</item>
    <item name='audio/mute' type='boolean' priority='0' mixweight='1'>1</item>
    <item name='delay/left' type='array' priority='0'>0 0 0 0 0 </item>
    <item name='delay/max' type='integer' priority='0' mixweight='1'>10000</item>
    <item name='delay/right' type='array' priority='0'>0 0 0 0 0 </item>
    <item name='feedback/gain' type='decimal' priority='0' mixweight='1'>0.200000</item>
    <item name='feedback/mode' type='string' priority='0' mixweight='1'>stereo</item>
    <item name='view/color/border' type='array' priority='0' mixweight='1'>0</item>
    <item name='view/color/contentBackground' type='array' priority='0' mixweight='1'>0</item>
    <item name='view/color/toolbarBackground' type='array' priority='0' mixweight='1'>0</item>
    <item name='view/color/toolbarText' type='array' priority='0' mixweight='1'>0</item>
    <item name='view/freeze' type='boolean' priority='0' mixweight='1'>0</item>
    <item name='view/size' type='array' priority='0'>300 70 </item>
  </preset>
  <preset number='11' name='ten'>
    <item name='audio/bypass' type='boolean' priority='0' mixweight='1'>0</item>
    <item name='audio/gain' type='decimal' priority='0' mixweight='1'>0.000000</item>
    <item name='audio/mix' type='decimal' priority='0' mixweight='1'>100.000000</item>
    <item name='audio/mute' type='boolean' priority='0' mixweight='1'>1</item>
    <item name='delay/left' type='array' priority='0'>2381 2381 2143 2143 2619 </item>
    <item name='delay/max' type='integer' priority='0' mixweight='1'>10000</item>
    <item name='delay/right' type='array' priority='0'>5476 4762 3095 3333 8333 </item>
    <item name='feedback/gain' type='decimal' priority='0' mixweight='1'>0.620000</item>
    <item name='feedback/mode' type='string' priority='0' mixweight='1'>stereo</item>
    <item name='view/color/border' type='array' priority='0' mixweight='1'>0</item>
    <item name='view/color/contentBackground' type='array' priority='0' mixweight='1'>0</item>
    <item name='view/color/toolbarBackground' type='array' priority='0' mixweight='1'>0</item>
    <item name='view/color/toolbarText' type='array' priority='0' mixweight='1'>0</item>
    <item name='view/freeze' type='boolean' priority='0' mixweight='1'>0</item>
    <item name='view/size' type='array' priority='0'>300 70 </item>
  </preset>
</jamoma>
