<?xml version='1.0' encoding='iso-8859-1' standalone='yes' ?>

<jamoma version='0.4'
		xmlns:xsi='http://www.w3.org/2001/XMLSchema-instance'
		xsi:schemaLocation='http://jamoma.org/ file:jamoma.xsd'
>
  <preset number='1' name='default'>
    <item name='edit' type='boolean' priority='3' mixweight='1'>1</item>
    <item name='move' type='boolean' priority='0' mixweight='1'>1</item>
    <item name='point' type='generic' priority='1' mixweight='1'>2</item>
    <item name='restoreMask' type='generic' priority='4'>0 0 80 0 160 0 240 0 320 0 320 60 320 120 320 180 320 240 240 240 160 240 80 240 0 240 0 180 0 120 0 60 </item>
    <item name='select' type='generic' priority='0' mixweight='1'>0</item>
    <item name='size' type='generic' priority='2'>320 240 </item>
    <item name='view/color/border' type='array' priority='0' mixweight='1'>0</item>
    <item name='view/color/contentBackground' type='array' priority='0' mixweight='1'>0</item>
    <item name='view/color/toolbarBackground' type='array' priority='0' mixweight='1'>0</item>
    <item name='view/color/toolbarText' type='array' priority='0' mixweight='1'>0</item>
    <item name='view/freeze' type='boolean' priority='0' mixweight='1'>0</item>
    <item name='view/size' type='array' priority='0'>300 70 </item>
  </preset>
</jamoma>
