<?xml version='1.0' encoding='iso-8859-1' standalone='yes' ?>

<jamoma version='0.4'
		xmlns:xsi='http://www.w3.org/2001/XMLSchema-instance'
		xsi:schemaLocation='http://jamoma.org/ file:jamoma.xsd'
>
  <preset number='1' name='default'>
    <item name='bands' type='integer' priority='1'>5</item>
    <item name='bypass' type='boolean' priority='0'>0</item>
    <item name='filter.1/frequency' type='decimal' priority='0'>53.657204</item>
    <item name='filter.1/gain' type='decimal' priority='0'>0.540561</item>
    <item name='filter.1/q' type='decimal' priority='0'>2.000000</item>
    <item name='filter.1/type' type='string' priority='0'>lowshelf</item>
    <item name='filter.2/frequency' type='decimal' priority='0'>210.412674</item>
    <item name='filter.2/gain' type='decimal' priority='0'>-0.506873</item>
    <item name='filter.2/q' type='decimal' priority='0'>1.422491</item>
    <item name='filter.2/type' type='string' priority='0'>peaknotch</item>
    <item name='filter.3/frequency' type='decimal' priority='0'>750.141724</item>
    <item name='filter.3/gain' type='decimal' priority='0'>0.016870</item>
    <item name='filter.3/q' type='decimal' priority='0'>2.000000</item>
    <item name='filter.3/type' type='string' priority='0'>peaknotch</item>
    <item name='filter.4/frequency' type='decimal' priority='0'>2659.970703</item>
    <item name='filter.4/gain' type='decimal' priority='0'>0.016870</item>
    <item name='filter.4/q' type='decimal' priority='0'>1.469534</item>
    <item name='filter.4/type' type='string' priority='0'>peaknotch</item>
    <item name='filter.5/frequency' type='decimal' priority='0'>9191.725586</item>
    <item name='filter.5/gain' type='decimal' priority='0'>0.540561</item>
    <item name='filter.5/q' type='decimal' priority='0'>2.000000</item>
    <item name='filter.5/type' type='string' priority='0'>highshelf</item>
    <item name='gain' type='decimal' priority='0'>0.000000</item>
    <item name='mix' type='decimal' priority='0'>0.000000</item>
    <item name='mute' type='boolean' priority='0'>0</item>
    <item name='view/color/border' type='array' priority='0'>0</item>
    <item name='view/color/contentBackground' type='array' priority='0'>0</item>
    <item name='view/color/toolbarBackground' type='array' priority='0'>0</item>
    <item name='view/color/toolbarText' type='array' priority='0'>0</item>
    <item name='view/freeze' type='boolean' priority='0'>0</item>
    <item name='view/size' type='array' priority='0'>300 70 </item>
  </preset>
</jamoma>
