<?xml version='1.0' encoding='iso-8859-1' standalone='yes' ?>

<jamoma version='0.4'
		xmlns:xsi='http://www.w3.org/2001/XMLSchema-instance'
		xsi:schemaLocation='http://jamoma.org/ file:jamoma.xsd'
>
  <preset number='1' name='default'>
    <item name='audio/gain' type='decimal' priority='0' mixweight='1'>0</item>
    <item name='audio/mix' type='decimal' priority='0' mixweight='1'>0</item>
    <item name='audio/mute' type='boolean' priority='0' mixweight='1'>0</item>
    <item name='delay/feedback/freeze' type='boolean' priority='0' mixweight='1'>0</item>
    <item name='delay/feedback' type='integer' priority='0' mixweight='1'>0</item>
    <item name='delay/heads' type='integer' priority='0' mixweight='1'>0</item>
    <item name='delay/time' type='integer' priority='0' mixweight='1'>0</item>
    <item name='feedback/polarity' type='boolean' priority='0' mixweight='1'>0</item>
    <item name='filter/frequency' type='decimal' priority='0' mixweight='1'>0</item>
    <item name='filter/resonance' type='integer' priority='0' mixweight='1'>0</item>
    <item name='lfo/depth' type='integer' priority='0' mixweight='1'>0</item>
    <item name='lfo/frequency' type='decimal' priority='0' mixweight='1'>0</item>
    <item name='lfo/shape' type='string' priority='0' mixweight='1'>0</item>
    <item name='view/color/border' type='array' priority='0' mixweight='1'>0</item>
    <item name='view/color/contentBackground' type='array' priority='0' mixweight='1'>0</item>
    <item name='view/color/toolbarBackground' type='array' priority='0' mixweight='1'>0</item>
    <item name='view/color/toolbarText' type='array' priority='0' mixweight='1'>0</item>
    <item name='view/freeze' type='boolean' priority='0' mixweight='1'>0</item>
    <item name='view/size' type='array' priority='0' mixweight='1'>300 70 </item>
  </preset>
</jamoma>
