<?xml version='1.0' encoding='iso-8859-1' standalone='yes' ?>

<jamoma version='0.4'
		xmlns:xsi='http://www.w3.org/2001/XMLSchema-instance'
		xsi:schemaLocation='http://jamoma.org/ file:jamoma.xsd'
>
  <preset number='1' name='default'>
    <item name='interpolate' type='decimal' priority='0' mixweight='1'>200.000000</item>
    <item name='max' type='decimal' priority='0' mixweight='1'>1.000000</item>
    <item name='min' type='decimal' priority='0' mixweight='1'>-1.000000</item>
    <item name='on' type='boolean' priority='0' mixweight='1'>1</item>
    <item name='rate/max' type='decimal' priority='0' mixweight='1'>2000.000000</item>
    <item name='rate/min' type='decimal' priority='0' mixweight='1'>500.000000</item>
    <item name='view/color/border' type='array' priority='0' mixweight='1'>0</item>
    <item name='view/color/contentBackground' type='array' priority='0' mixweight='1'>0</item>
    <item name='view/color/toolbarBackground' type='array' priority='0' mixweight='1'>0</item>
    <item name='view/color/toolbarText' type='array' priority='0' mixweight='1'>0</item>
    <item name='view/freeze' type='boolean' priority='0' mixweight='1'>0</item>
    <item name='view/size' type='array' priority='0'>150 70 </item>
  </preset>
</jamoma>
