<?xml version='1.0' encoding='iso-8859-1' standalone='yes' ?>

<jamoma version='0.4'
		xmlns:xsi='http://www.w3.org/2001/XMLSchema-instance'
		xsi:schemaLocation='http://jamoma.org/ file:jamoma.xsd'
>
  <preset number='1' name='default'>
    <item name='audio/gain' type='decimal' priority='0'>100.000000</item>
    <item name='audio/mute' type='boolean' priority='0'>0</item>
    <item name='dimensions' type='integer' priority='1'>2</item>
    <item name='numSources' type='generic' priority='2'>3</item>
    <item name='numSpeakers' type='generic' priority='3'>8</item>
    <item name='rolloff' type='decimal' priority='4'>6.000000</item>
    <item name='view/freeze' type='boolean' priority='0'>0</item>
  </preset>
</jamoma>
