<?xml version='1.0' encoding='iso-8859-1' standalone='yes' ?>

<jamoma version='0.4'
		xmlns:xsi='http://www.w3.org/2001/XMLSchema-instance'
		xsi:schemaLocation='http://jamoma.org/ file:jamoma.xsd'
>
  <preset number='1' name='default'>
    <item name='audio/bypass' type='boolean' priority='0' mixweight='1'>0</item>
    <item name='audio/gain' type='decimal' priority='0' mixweight='1'>64.000000</item>
    <item name='audio/mute' type='boolean' priority='0' mixweight='1'>0</item>
    <item name='harmonicsteps' type='decimal' priority='0' mixweight='1'>50.000000</item>
    <item name='offset' type='decimal' priority='0' mixweight='1'>0.000000</item>
    <item name='scaling' type='decimal' priority='0' mixweight='1'>1.000000</item>
    <item name='smooth/frequency' type='decimal' priority='0' mixweight='1'>100.000000</item>
    <item name='smooth/magnitude' type='decimal' priority='0' mixweight='1'>100.000000</item>
    <item name='view/freeze' type='boolean' priority='0' mixweight='1'>0</item>

  </preset>
</jamoma>
