<?xml version='1.0' encoding='iso-8859-1' standalone='yes' ?>

<jamoma version='0.4'
		xmlns:xsi='http://www.w3.org/2001/XMLSchema-instance'
		xsi:schemaLocation='http://jamoma.org/ file:jamoma.xsd'
>
  <preset number='1' name='default'>
    <item name='audio/gain' type='decimal' priority='0'>100.000000</item>
    <item name='audio/mute' type='boolean' priority='0'>0</item>
    <item name='numAux' type='integer' priority='3'>5</item>
    <item name='numSources' type='integer' priority='1'>3</item>
    <item name='numSpeakers' type='integer' priority='5'>4</item>
    <item name='rolloff' type='decimal' priority='2'>6.000000</item>
    <item name='speaker.1/position' type='array' priority='11'>-6.406250 6.171875 0.000000 </item>
    <item name='speaker.2/position' type='array' priority='12'>6.380208 6.171875 0.000000 </item>
    <item name='speaker.3/position' type='array' priority='13'>-6.093750 -6.875000 0.000000 </item>
    <item name='speaker.4/position' type='array' priority='14'>6.640625 -7.031250 0.000000 </item>
    <item name='view/freeze' type='boolean' priority='0'>0</item>
    <item name='view/color/border' type='array' priority='0'>0</item>
    <item name='view/color/contentBackground' type='array' priority='0'>0</item>
    <item name='view/color/toolbarBackground' type='array' priority='0'>0</item>
    <item name='view/color/toolbarText' type='array' priority='0'>0</item>
    <item name='view/size' type='array' priority='0'>300 70 </item>
  </preset>
</jamoma>
