<?xml version='1.0' encoding='iso-8859-1' standalone='yes' ?>

<jamoma version='0.4'
		xmlns:xsi='http://www.w3.org/2001/XMLSchema-instance'
		xsi:schemaLocation='http://jamoma.org/ file:jamoma.xsd'
>
  <preset number='1' name='default'>
    <item name='aux.5/gain' type='decimal' priority='0' mixweight='1'>0.000000</item>
    <item name='aux.5/prepost' type='boolean' priority='9' mixweight='1'>0</item>
    <item name='aux.6/gain' type='decimal' priority='0' mixweight='1'>0.000000</item>
    <item name='aux.6/prepost' type='boolean' priority='9' mixweight='1'>0</item>
    <item name='auxSpat/gain' type='decimal' priority='8' mixweight='1'>0.000000</item>
    <item name='auxSpat/link' type='boolean' priority='2' mixweight='1'>0</item>
    <item name='auxSpat/position/xy' type='array' priority='5'>-0.022727 0.068182 </item>
    <item name='auxSpat/prepost' type='boolean' priority='10' mixweight='1'>0</item>
    <item name='blur' type='decimal' priority='0' mixweight='1'>0.000000</item>
    <item name='position.1/x' type='decimal' priority='6' mixweight='1'>9.716666</item>
    <item name='position.1/y' type='decimal' priority='5' mixweight='1'>7.750000</item>
    <item name='record/active' type='boolean' priority='0' mixweight='1'>0</item>
    <item name='size.1/x' type='decimal' priority='8' mixweight='1'>3.250000</item>
    <item name='size.1/y' type='decimal' priority='7' mixweight='1'>4.166667</item>
    <item name='source' type='integer' priority='0' mixweight='1'>1</item>
    <item name='speakers/show' type='boolean' priority='0' mixweight='1'>0</item>
    <item name='trajectory/direction' type='boolean' priority='0' mixweight='1'>0</item>
    <item name='trajectory/mode' type='array' priority='2' mixweight='1'>static</item>
    <item name='trajectory/speed' type='decimal' priority='0' mixweight='1'>0.000000</item>
    <item name='trajectory/speed/variation' type='decimal' priority='0' mixweight='1'>0.000000</item>
    <item name='view/color/border' type='array' priority='0' mixweight='1'>0</item>
    <item name='view/color/contentBackground' type='array' priority='0' mixweight='1'>0</item>
    <item name='view/color/toolbarBackground' type='array' priority='0' mixweight='1'>0</item>
    <item name='view/color/toolbarText' type='array' priority='0' mixweight='1'>0</item>
    <item name='view/freeze' type='boolean' priority='0' mixweight='1'>0</item>
    <item name='view/size' type='array' priority='0'>300 140 </item>
    <item name='volume' type='decimal' priority='0' mixweight='1'>0.000000</item>
    <item name='weight' type='array' priority='0'>1.000000 1.000000 1.000000 1.000000 </item>
  </preset>
</jamoma>
