<?xml version='1.0' encoding='iso-8859-1' standalone='yes' ?>

<jamoma version='0.4'
		xmlns:xsi='http://www.w3.org/2001/XMLSchema-instance'
		xsi:schemaLocation='http://jamoma.org/ file:jamoma.xsd'
>
  <preset number='1' name='default'>
    <item name='buffer/size' type='integer' priority='1' mixweight='1'>3000</item>
    <item name='bypass' type='boolean' priority='0' mixweight='1'>0</item>
    <item name='directions.1' type='array' priority='0' mixweight='1'>1 1 1 1 1 1 1 1 1 1 1 </item>
    <item name='directions.2' type='array' priority='0' mixweight='1'>1 1 1 1 1 1 1 1 1 1 1 </item>
    <item name='fademode' type='generic' priority='0' mixweight='1'>pre-fade</item>
    <item name='freeze' type='boolean' priority='0' mixweight='1'>0</item>
    <item name='gain' type='decimal' priority='0' mixweight='1'>0.000000</item>
    <item name='mix' type='decimal' priority='0' mixweight='1'>0.000000</item>
    <item name='mute' type='boolean' priority='0' mixweight='1'>0</item>
    <item name='nstep' type='generic' priority='0' mixweight='1'>11</item>
    <item name='smooth' type='decimal' priority='0' mixweight='1'>0.000000</item>
    <item name='steps.1' type='array' priority='0' mixweight='1'>1 2 3 4 5 6 7 8 9 10 11 </item>
    <item name='steps.2' type='array' priority='0' mixweight='1'>1 2 3 4 5 6 7 8 9 10 11 </item>
    <item name='view/color/border' type='array' priority='0' mixweight='1'>0</item>
    <item name='view/color/contentBackground' type='array' priority='0' mixweight='1'>0</item>
    <item name='view/color/toolbarBackground' type='array' priority='0' mixweight='1'>0</item>
    <item name='view/color/toolbarText' type='array' priority='0' mixweight='1'>0</item>
    <item name='view/freeze' type='boolean' priority='0' mixweight='1'>0</item>
    <item name='view/size' type='array' priority='0' mixweight='1'>300 70 </item>
  </preset>
</jamoma>
