<?xml version='1.0' encoding='iso-8859-1' standalone='yes' ?>

<jamoma version='0.4'
		xmlns:xsi='http://www.w3.org/2001/XMLSchema-instance'
		xsi:schemaLocation='http://jamoma.org/ file:jamoma.xsd'
>
  <preset number='1' name='default'>
    <item name='button.1' type='boolean' priority='2'>0</item>
    <item name='button.2' type='boolean' priority='2'>0</item>
    <item name='button.3' type='boolean' priority='2'>0</item>
    <item name='button.4' type='boolean' priority='2'>0</item>
    <item name='foot/control' type='integer' priority='2'>0</item>
    <item name='foot/switch' type='boolean' priority='2'>0</item>
    <item name='midiIn' type='string' priority='1'>BCF2000</item>
    <item name='midiOut' type='string' priority='1'>BCF2000</item>
    <item name='track.1/fader' type='integer' priority='4'>0</item>
    <item name='track.1/key.lower' type='boolean' priority='5'>0</item>
    <item name='track.1/key.upper' type='boolean' priority='5'>0</item>
    <item name='track.1/pushEncoder.1/press' type='boolean' priority='3'>0</item>
    <item name='track.1/pushEncoder.1/turn' type='integer' priority='3'>0</item>
    <item name='track.1/pushEncoder.2/press' type='boolean' priority='3'>0</item>
    <item name='track.1/pushEncoder.2/turn' type='integer' priority='3'>0</item>
    <item name='track.1/pushEncoder.3/press' type='boolean' priority='3'>0</item>
    <item name='track.1/pushEncoder.3/turn' type='integer' priority='3'>0</item>
    <item name='track.1/pushEncoder.4/press' type='boolean' priority='3'>0</item>
    <item name='track.1/pushEncoder.4/turn' type='integer' priority='3'>0</item>
    <item name='track.2/fader' type='integer' priority='4'>0</item>
    <item name='track.2/key.lower' type='boolean' priority='5'>0</item>
    <item name='track.2/key.upper' type='boolean' priority='5'>0</item>
    <item name='track.2/pushEncoder.1/press' type='boolean' priority='3'>0</item>
    <item name='track.2/pushEncoder.1/turn' type='integer' priority='3'>0</item>
    <item name='track.2/pushEncoder.2/press' type='boolean' priority='3'>0</item>
    <item name='track.2/pushEncoder.2/turn' type='integer' priority='3'>0</item>
    <item name='track.2/pushEncoder.3/press' type='boolean' priority='3'>0</item>
    <item name='track.2/pushEncoder.3/turn' type='integer' priority='3'>0</item>
    <item name='track.2/pushEncoder.4/press' type='boolean' priority='3'>0</item>
    <item name='track.2/pushEncoder.4/turn' type='integer' priority='3'>0</item>
    <item name='track.3/fader' type='integer' priority='4'>0</item>
    <item name='track.3/key.lower' type='boolean' priority='5'>0</item>
    <item name='track.3/key.upper' type='boolean' priority='5'>0</item>
    <item name='track.3/pushEncoder.1/press' type='boolean' priority='3'>0</item>
    <item name='track.3/pushEncoder.1/turn' type='integer' priority='3'>0</item>
    <item name='track.3/pushEncoder.2/press' type='boolean' priority='3'>0</item>
    <item name='track.3/pushEncoder.2/turn' type='integer' priority='3'>0</item>
    <item name='track.3/pushEncoder.3/press' type='boolean' priority='3'>0</item>
    <item name='track.3/pushEncoder.3/turn' type='integer' priority='3'>0</item>
    <item name='track.3/pushEncoder.4/press' type='boolean' priority='3'>0</item>
    <item name='track.3/pushEncoder.4/turn' type='integer' priority='3'>0</item>
    <item name='track.4/fader' type='integer' priority='4'>0</item>
    <item name='track.4/key.lower' type='boolean' priority='5'>0</item>
    <item name='track.4/key.upper' type='boolean' priority='5'>0</item>
    <item name='track.4/pushEncoder.1/press' type='boolean' priority='3'>0</item>
    <item name='track.4/pushEncoder.1/turn' type='integer' priority='3'>0</item>
    <item name='track.4/pushEncoder.2/press' type='boolean' priority='3'>0</item>
    <item name='track.4/pushEncoder.2/turn' type='integer' priority='3'>0</item>
    <item name='track.4/pushEncoder.3/press' type='boolean' priority='3'>0</item>
    <item name='track.4/pushEncoder.3/turn' type='integer' priority='3'>0</item>
    <item name='track.4/pushEncoder.4/press' type='boolean' priority='3'>0</item>
    <item name='track.4/pushEncoder.4/turn' type='integer' priority='3'>0</item>
    <item name='track.5/fader' type='integer' priority='4'>0</item>
    <item name='track.5/key.lower' type='boolean' priority='5'>0</item>
    <item name='track.5/key.upper' type='boolean' priority='5'>0</item>
    <item name='track.5/pushEncoder.1/press' type='boolean' priority='3'>0</item>
    <item name='track.5/pushEncoder.1/turn' type='integer' priority='3'>0</item>
    <item name='track.5/pushEncoder.2/press' type='boolean' priority='3'>0</item>
    <item name='track.5/pushEncoder.2/turn' type='integer' priority='3'>0</item>
    <item name='track.5/pushEncoder.3/press' type='boolean' priority='3'>0</item>
    <item name='track.5/pushEncoder.3/turn' type='integer' priority='3'>0</item>
    <item name='track.5/pushEncoder.4/press' type='boolean' priority='3'>0</item>
    <item name='track.5/pushEncoder.4/turn' type='integer' priority='3'>0</item>
    <item name='track.6/fader' type='integer' priority='4'>0</item>
    <item name='track.6/key.lower' type='boolean' priority='5'>0</item>
    <item name='track.6/key.upper' type='boolean' priority='5'>0</item>
    <item name='track.6/pushEncoder.1/press' type='boolean' priority='3'>0</item>
    <item name='track.6/pushEncoder.1/turn' type='integer' priority='3'>0</item>
    <item name='track.6/pushEncoder.2/press' type='boolean' priority='3'>0</item>
    <item name='track.6/pushEncoder.2/turn' type='integer' priority='3'>0</item>
    <item name='track.6/pushEncoder.3/press' type='boolean' priority='3'>0</item>
    <item name='track.6/pushEncoder.3/turn' type='integer' priority='3'>0</item>
    <item name='track.6/pushEncoder.4/press' type='boolean' priority='3'>0</item>
    <item name='track.6/pushEncoder.4/turn' type='integer' priority='3'>0</item>
    <item name='track.7/fader' type='integer' priority='4'>0</item>
    <item name='track.7/key.lower' type='boolean' priority='5'>0</item>
    <item name='track.7/key.upper' type='boolean' priority='5'>0</item>
    <item name='track.7/pushEncoder.1/press' type='boolean' priority='3'>0</item>
    <item name='track.7/pushEncoder.1/turn' type='integer' priority='3'>0</item>
    <item name='track.7/pushEncoder.2/press' type='boolean' priority='3'>0</item>
    <item name='track.7/pushEncoder.2/turn' type='integer' priority='3'>0</item>
    <item name='track.7/pushEncoder.3/press' type='boolean' priority='3'>0</item>
    <item name='track.7/pushEncoder.3/turn' type='integer' priority='3'>0</item>
    <item name='track.7/pushEncoder.4/press' type='boolean' priority='3'>0</item>
    <item name='track.7/pushEncoder.4/turn' type='integer' priority='3'>0</item>
    <item name='track.8/fader' type='integer' priority='4'>0</item>
    <item name='track.8/key.lower' type='boolean' priority='5'>0</item>
    <item name='track.8/key.upper' type='boolean' priority='5'>0</item>
    <item name='track.8/pushEncoder.1/press' type='boolean' priority='3'>0</item>
    <item name='track.8/pushEncoder.1/turn' type='integer' priority='3'>0</item>
    <item name='track.8/pushEncoder.2/press' type='boolean' priority='3'>0</item>
    <item name='track.8/pushEncoder.2/turn' type='integer' priority='3'>0</item>
    <item name='track.8/pushEncoder.3/press' type='boolean' priority='3'>0</item>
    <item name='track.8/pushEncoder.3/turn' type='integer' priority='3'>0</item>
    <item name='track.8/pushEncoder.4/press' type='boolean' priority='3'>0</item>
    <item name='track.8/pushEncoder.4/turn' type='integer' priority='3'>0</item>
    <item name='view/freeze' type='boolean' priority='0'>0</item>

  </preset>
  <preset number='2' name='All_turns_at_0'>
    <item name='button.1' type='boolean' priority='2'>0</item>
    <item name='button.2' type='boolean' priority='2'>0</item>
    <item name='button.3' type='boolean' priority='2'>0</item>
    <item name='button.4' type='boolean' priority='2'>0</item>
    <item name='foot/control' type='integer' priority='2'>0</item>
    <item name='foot/switch' type='boolean' priority='2'>0</item>
    <item name='midiIn' type='string' priority='1'>BCF2000</item>
    <item name='midiOut' type='string' priority='1'>BCF2000</item>
    <item name='track.1/fader' type='integer' priority='4'>0</item>
    <item name='track.1/key.lower' type='boolean' priority='5'>0</item>
    <item name='track.1/key.upper' type='boolean' priority='5'>0</item>
    <item name='track.1/pushEncoder.1/press' type='boolean' priority='3'>0</item>
    <item name='track.1/pushEncoder.1/turn' type='integer' priority='3'>0</item>
    <item name='track.1/pushEncoder.2/press' type='boolean' priority='3'>0</item>
    <item name='track.1/pushEncoder.2/turn' type='integer' priority='3'>0</item>
    <item name='track.1/pushEncoder.3/press' type='boolean' priority='3'>0</item>
    <item name='track.1/pushEncoder.3/turn' type='integer' priority='3'>0</item>
    <item name='track.1/pushEncoder.4/press' type='boolean' priority='3'>0</item>
    <item name='track.1/pushEncoder.4/turn' type='integer' priority='3'>0</item>
    <item name='track.2/fader' type='integer' priority='4'>0</item>
    <item name='track.2/key.lower' type='boolean' priority='5'>0</item>
    <item name='track.2/key.upper' type='boolean' priority='5'>0</item>
    <item name='track.2/pushEncoder.1/press' type='boolean' priority='3'>0</item>
    <item name='track.2/pushEncoder.1/turn' type='integer' priority='3'>0</item>
    <item name='track.2/pushEncoder.2/press' type='boolean' priority='3'>0</item>
    <item name='track.2/pushEncoder.2/turn' type='integer' priority='3'>0</item>
    <item name='track.2/pushEncoder.3/press' type='boolean' priority='3'>0</item>
    <item name='track.2/pushEncoder.3/turn' type='integer' priority='3'>0</item>
    <item name='track.2/pushEncoder.4/press' type='boolean' priority='3'>0</item>
    <item name='track.2/pushEncoder.4/turn' type='integer' priority='3'>0</item>
    <item name='track.3/fader' type='integer' priority='4'>0</item>
    <item name='track.3/key.lower' type='boolean' priority='5'>0</item>
    <item name='track.3/key.upper' type='boolean' priority='5'>0</item>
    <item name='track.3/pushEncoder.1/press' type='boolean' priority='3'>0</item>
    <item name='track.3/pushEncoder.1/turn' type='integer' priority='3'>0</item>
    <item name='track.3/pushEncoder.2/press' type='boolean' priority='3'>0</item>
    <item name='track.3/pushEncoder.2/turn' type='integer' priority='3'>0</item>
    <item name='track.3/pushEncoder.3/press' type='boolean' priority='3'>0</item>
    <item name='track.3/pushEncoder.3/turn' type='integer' priority='3'>0</item>
    <item name='track.3/pushEncoder.4/press' type='boolean' priority='3'>0</item>
    <item name='track.3/pushEncoder.4/turn' type='integer' priority='3'>0</item>
    <item name='track.4/fader' type='integer' priority='4'>0</item>
    <item name='track.4/key.lower' type='boolean' priority='5'>0</item>
    <item name='track.4/key.upper' type='boolean' priority='5'>0</item>
    <item name='track.4/pushEncoder.1/press' type='boolean' priority='3'>0</item>
    <item name='track.4/pushEncoder.1/turn' type='integer' priority='3'>0</item>
    <item name='track.4/pushEncoder.2/press' type='boolean' priority='3'>0</item>
    <item name='track.4/pushEncoder.2/turn' type='integer' priority='3'>0</item>
    <item name='track.4/pushEncoder.3/press' type='boolean' priority='3'>0</item>
    <item name='track.4/pushEncoder.3/turn' type='integer' priority='3'>0</item>
    <item name='track.4/pushEncoder.4/press' type='boolean' priority='3'>0</item>
    <item name='track.4/pushEncoder.4/turn' type='integer' priority='3'>0</item>
    <item name='track.5/fader' type='integer' priority='4'>0</item>
    <item name='track.5/key.lower' type='boolean' priority='5'>0</item>
    <item name='track.5/key.upper' type='boolean' priority='5'>0</item>
    <item name='track.5/pushEncoder.1/press' type='boolean' priority='3'>0</item>
    <item name='track.5/pushEncoder.1/turn' type='integer' priority='3'>0</item>
    <item name='track.5/pushEncoder.2/press' type='boolean' priority='3'>0</item>
    <item name='track.5/pushEncoder.2/turn' type='integer' priority='3'>0</item>
    <item name='track.5/pushEncoder.3/press' type='boolean' priority='3'>0</item>
    <item name='track.5/pushEncoder.3/turn' type='integer' priority='3'>0</item>
    <item name='track.5/pushEncoder.4/press' type='boolean' priority='3'>0</item>
    <item name='track.5/pushEncoder.4/turn' type='integer' priority='3'>0</item>
    <item name='track.6/fader' type='integer' priority='4'>0</item>
    <item name='track.6/key.lower' type='boolean' priority='5'>0</item>
    <item name='track.6/key.upper' type='boolean' priority='5'>0</item>
    <item name='track.6/pushEncoder.1/press' type='boolean' priority='3'>0</item>
    <item name='track.6/pushEncoder.1/turn' type='integer' priority='3'>0</item>
    <item name='track.6/pushEncoder.2/press' type='boolean' priority='3'>0</item>
    <item name='track.6/pushEncoder.2/turn' type='integer' priority='3'>0</item>
    <item name='track.6/pushEncoder.3/press' type='boolean' priority='3'>0</item>
    <item name='track.6/pushEncoder.3/turn' type='integer' priority='3'>0</item>
    <item name='track.6/pushEncoder.4/press' type='boolean' priority='3'>0</item>
    <item name='track.6/pushEncoder.4/turn' type='integer' priority='3'>0</item>
    <item name='track.7/fader' type='integer' priority='4'>0</item>
    <item name='track.7/key.lower' type='boolean' priority='5'>0</item>
    <item name='track.7/key.upper' type='boolean' priority='5'>0</item>
    <item name='track.7/pushEncoder.1/press' type='boolean' priority='3'>0</item>
    <item name='track.7/pushEncoder.1/turn' type='integer' priority='3'>0</item>
    <item name='track.7/pushEncoder.2/press' type='boolean' priority='3'>0</item>
    <item name='track.7/pushEncoder.2/turn' type='integer' priority='3'>0</item>
    <item name='track.7/pushEncoder.3/press' type='boolean' priority='3'>0</item>
    <item name='track.7/pushEncoder.3/turn' type='integer' priority='3'>0</item>
    <item name='track.7/pushEncoder.4/press' type='boolean' priority='3'>0</item>
    <item name='track.7/pushEncoder.4/turn' type='integer' priority='3'>0</item>
    <item name='track.8/fader' type='integer' priority='4'>0</item>
    <item name='track.8/key.lower' type='boolean' priority='5'>0</item>
    <item name='track.8/key.upper' type='boolean' priority='5'>0</item>
    <item name='track.8/pushEncoder.1/press' type='boolean' priority='3'>0</item>
    <item name='track.8/pushEncoder.1/turn' type='integer' priority='3'>0</item>
    <item name='track.8/pushEncoder.2/press' type='boolean' priority='3'>0</item>
    <item name='track.8/pushEncoder.2/turn' type='integer' priority='3'>0</item>
    <item name='track.8/pushEncoder.3/press' type='boolean' priority='3'>0</item>
    <item name='track.8/pushEncoder.3/turn' type='integer' priority='3'>0</item>
    <item name='track.8/pushEncoder.4/press' type='boolean' priority='3'>0</item>
    <item name='track.8/pushEncoder.4/turn' type='integer' priority='3'>0</item>
    <item name='view/freeze' type='boolean' priority='0'>0</item>

  </preset>
  <preset number='3' name='All_turns_at_64'>
    <item name='button.1' type='boolean' priority='2'>0</item>
    <item name='button.2' type='boolean' priority='2'>0</item>
    <item name='button.3' type='boolean' priority='2'>0</item>
    <item name='button.4' type='boolean' priority='2'>0</item>
    <item name='foot/control' type='integer' priority='2'>0</item>
    <item name='foot/switch' type='boolean' priority='2'>0</item>
    <item name='midiIn' type='string' priority='1'>BCF2000</item>
    <item name='midiOut' type='string' priority='1'>BCF2000</item>
    <item name='track.1/fader' type='integer' priority='4'>0</item>
    <item name='track.1/key.lower' type='boolean' priority='5'>0</item>
    <item name='track.1/key.upper' type='boolean' priority='5'>0</item>
    <item name='track.1/pushEncoder.1/press' type='boolean' priority='3'>0</item>
    <item name='track.1/pushEncoder.1/turn' type='integer' priority='3'>64</item>
    <item name='track.1/pushEncoder.2/press' type='boolean' priority='3'>0</item>
    <item name='track.1/pushEncoder.2/turn' type='integer' priority='3'>64</item>
    <item name='track.1/pushEncoder.3/press' type='boolean' priority='3'>0</item>
    <item name='track.1/pushEncoder.3/turn' type='integer' priority='3'>64</item>
    <item name='track.1/pushEncoder.4/press' type='boolean' priority='3'>0</item>
    <item name='track.1/pushEncoder.4/turn' type='integer' priority='3'>64</item>
    <item name='track.2/fader' type='integer' priority='4'>0</item>
    <item name='track.2/key.lower' type='boolean' priority='5'>0</item>
    <item name='track.2/key.upper' type='boolean' priority='5'>0</item>
    <item name='track.2/pushEncoder.1/press' type='boolean' priority='3'>0</item>
    <item name='track.2/pushEncoder.1/turn' type='integer' priority='3'>64</item>
    <item name='track.2/pushEncoder.2/press' type='boolean' priority='3'>0</item>
    <item name='track.2/pushEncoder.2/turn' type='integer' priority='3'>64</item>
    <item name='track.2/pushEncoder.3/press' type='boolean' priority='3'>0</item>
    <item name='track.2/pushEncoder.3/turn' type='integer' priority='3'>64</item>
    <item name='track.2/pushEncoder.4/press' type='boolean' priority='3'>0</item>
    <item name='track.2/pushEncoder.4/turn' type='integer' priority='3'>64</item>
    <item name='track.3/fader' type='integer' priority='4'>0</item>
    <item name='track.3/key.lower' type='boolean' priority='5'>0</item>
    <item name='track.3/key.upper' type='boolean' priority='5'>0</item>
    <item name='track.3/pushEncoder.1/press' type='boolean' priority='3'>0</item>
    <item name='track.3/pushEncoder.1/turn' type='integer' priority='3'>64</item>
    <item name='track.3/pushEncoder.2/press' type='boolean' priority='3'>0</item>
    <item name='track.3/pushEncoder.2/turn' type='integer' priority='3'>64</item>
    <item name='track.3/pushEncoder.3/press' type='boolean' priority='3'>0</item>
    <item name='track.3/pushEncoder.3/turn' type='integer' priority='3'>64</item>
    <item name='track.3/pushEncoder.4/press' type='boolean' priority='3'>0</item>
    <item name='track.3/pushEncoder.4/turn' type='integer' priority='3'>64</item>
    <item name='track.4/fader' type='integer' priority='4'>0</item>
    <item name='track.4/key.lower' type='boolean' priority='5'>0</item>
    <item name='track.4/key.upper' type='boolean' priority='5'>0</item>
    <item name='track.4/pushEncoder.1/press' type='boolean' priority='3'>0</item>
    <item name='track.4/pushEncoder.1/turn' type='integer' priority='3'>64</item>
    <item name='track.4/pushEncoder.2/press' type='boolean' priority='3'>0</item>
    <item name='track.4/pushEncoder.2/turn' type='integer' priority='3'>64</item>
    <item name='track.4/pushEncoder.3/press' type='boolean' priority='3'>0</item>
    <item name='track.4/pushEncoder.3/turn' type='integer' priority='3'>64</item>
    <item name='track.4/pushEncoder.4/press' type='boolean' priority='3'>0</item>
    <item name='track.4/pushEncoder.4/turn' type='integer' priority='3'>64</item>
    <item name='track.5/fader' type='integer' priority='4'>0</item>
    <item name='track.5/key.lower' type='boolean' priority='5'>0</item>
    <item name='track.5/key.upper' type='boolean' priority='5'>0</item>
    <item name='track.5/pushEncoder.1/press' type='boolean' priority='3'>0</item>
    <item name='track.5/pushEncoder.1/turn' type='integer' priority='3'>64</item>
    <item name='track.5/pushEncoder.2/press' type='boolean' priority='3'>0</item>
    <item name='track.5/pushEncoder.2/turn' type='integer' priority='3'>64</item>
    <item name='track.5/pushEncoder.3/press' type='boolean' priority='3'>0</item>
    <item name='track.5/pushEncoder.3/turn' type='integer' priority='3'>64</item>
    <item name='track.5/pushEncoder.4/press' type='boolean' priority='3'>0</item>
    <item name='track.5/pushEncoder.4/turn' type='integer' priority='3'>64</item>
    <item name='track.6/fader' type='integer' priority='4'>0</item>
    <item name='track.6/key.lower' type='boolean' priority='5'>0</item>
    <item name='track.6/key.upper' type='boolean' priority='5'>0</item>
    <item name='track.6/pushEncoder.1/press' type='boolean' priority='3'>0</item>
    <item name='track.6/pushEncoder.1/turn' type='integer' priority='3'>64</item>
    <item name='track.6/pushEncoder.2/press' type='boolean' priority='3'>0</item>
    <item name='track.6/pushEncoder.2/turn' type='integer' priority='3'>64</item>
    <item name='track.6/pushEncoder.3/press' type='boolean' priority='3'>0</item>
    <item name='track.6/pushEncoder.3/turn' type='integer' priority='3'>64</item>
    <item name='track.6/pushEncoder.4/press' type='boolean' priority='3'>0</item>
    <item name='track.6/pushEncoder.4/turn' type='integer' priority='3'>64</item>
    <item name='track.7/fader' type='integer' priority='4'>0</item>
    <item name='track.7/key.lower' type='boolean' priority='5'>0</item>
    <item name='track.7/key.upper' type='boolean' priority='5'>0</item>
    <item name='track.7/pushEncoder.1/press' type='boolean' priority='3'>0</item>
    <item name='track.7/pushEncoder.1/turn' type='integer' priority='3'>64</item>
    <item name='track.7/pushEncoder.2/press' type='boolean' priority='3'>0</item>
    <item name='track.7/pushEncoder.2/turn' type='integer' priority='3'>64</item>
    <item name='track.7/pushEncoder.3/press' type='boolean' priority='3'>0</item>
    <item name='track.7/pushEncoder.3/turn' type='integer' priority='3'>64</item>
    <item name='track.7/pushEncoder.4/press' type='boolean' priority='3'>0</item>
    <item name='track.7/pushEncoder.4/turn' type='integer' priority='3'>64</item>
    <item name='track.8/fader' type='integer' priority='4'>0</item>
    <item name='track.8/key.lower' type='boolean' priority='5'>0</item>
    <item name='track.8/key.upper' type='boolean' priority='5'>0</item>
    <item name='track.8/pushEncoder.1/press' type='boolean' priority='3'>0</item>
    <item name='track.8/pushEncoder.1/turn' type='integer' priority='3'>64</item>
    <item name='track.8/pushEncoder.2/press' type='boolean' priority='3'>0</item>
    <item name='track.8/pushEncoder.2/turn' type='integer' priority='3'>64</item>
    <item name='track.8/pushEncoder.3/press' type='boolean' priority='3'>0</item>
    <item name='track.8/pushEncoder.3/turn' type='integer' priority='3'>64</item>
    <item name='track.8/pushEncoder.4/press' type='boolean' priority='3'>0</item>
    <item name='track.8/pushEncoder.4/turn' type='integer' priority='3'>64</item>
    <item name='view/freeze' type='boolean' priority='0'>0</item>

  </preset>
  <preset number='4' name='All_faders_at_64'>
    <item name='button.1' type='boolean' priority='2'>0</item>
    <item name='button.2' type='boolean' priority='2'>0</item>
    <item name='button.3' type='boolean' priority='2'>0</item>
    <item name='button.4' type='boolean' priority='2'>0</item>
    <item name='foot/control' type='integer' priority='2'>0</item>
    <item name='foot/switch' type='boolean' priority='2'>0</item>
    <item name='midiIn' type='string' priority='1'>BCF2000</item>
    <item name='midiOut' type='string' priority='1'>BCF2000</item>
    <item name='track.1/fader' type='integer' priority='4'>64</item>
    <item name='track.1/key.lower' type='boolean' priority='5'>0</item>
    <item name='track.1/key.upper' type='boolean' priority='5'>0</item>
    <item name='track.1/pushEncoder.1/press' type='boolean' priority='3'>0</item>
    <item name='track.1/pushEncoder.1/turn' type='integer' priority='3'>0</item>
    <item name='track.1/pushEncoder.2/press' type='boolean' priority='3'>0</item>
    <item name='track.1/pushEncoder.2/turn' type='integer' priority='3'>0</item>
    <item name='track.1/pushEncoder.3/press' type='boolean' priority='3'>0</item>
    <item name='track.1/pushEncoder.3/turn' type='integer' priority='3'>0</item>
    <item name='track.1/pushEncoder.4/press' type='boolean' priority='3'>0</item>
    <item name='track.1/pushEncoder.4/turn' type='integer' priority='3'>0</item>
    <item name='track.2/fader' type='integer' priority='4'>64</item>
    <item name='track.2/key.lower' type='boolean' priority='5'>0</item>
    <item name='track.2/key.upper' type='boolean' priority='5'>0</item>
    <item name='track.2/pushEncoder.1/press' type='boolean' priority='3'>0</item>
    <item name='track.2/pushEncoder.1/turn' type='integer' priority='3'>0</item>
    <item name='track.2/pushEncoder.2/press' type='boolean' priority='3'>0</item>
    <item name='track.2/pushEncoder.2/turn' type='integer' priority='3'>0</item>
    <item name='track.2/pushEncoder.3/press' type='boolean' priority='3'>0</item>
    <item name='track.2/pushEncoder.3/turn' type='integer' priority='3'>0</item>
    <item name='track.2/pushEncoder.4/press' type='boolean' priority='3'>0</item>
    <item name='track.2/pushEncoder.4/turn' type='integer' priority='3'>0</item>
    <item name='track.3/fader' type='integer' priority='4'>64</item>
    <item name='track.3/key.lower' type='boolean' priority='5'>0</item>
    <item name='track.3/key.upper' type='boolean' priority='5'>0</item>
    <item name='track.3/pushEncoder.1/press' type='boolean' priority='3'>0</item>
    <item name='track.3/pushEncoder.1/turn' type='integer' priority='3'>0</item>
    <item name='track.3/pushEncoder.2/press' type='boolean' priority='3'>0</item>
    <item name='track.3/pushEncoder.2/turn' type='integer' priority='3'>0</item>
    <item name='track.3/pushEncoder.3/press' type='boolean' priority='3'>0</item>
    <item name='track.3/pushEncoder.3/turn' type='integer' priority='3'>0</item>
    <item name='track.3/pushEncoder.4/press' type='boolean' priority='3'>0</item>
    <item name='track.3/pushEncoder.4/turn' type='integer' priority='3'>0</item>
    <item name='track.4/fader' type='integer' priority='4'>64</item>
    <item name='track.4/key.lower' type='boolean' priority='5'>0</item>
    <item name='track.4/key.upper' type='boolean' priority='5'>0</item>
    <item name='track.4/pushEncoder.1/press' type='boolean' priority='3'>0</item>
    <item name='track.4/pushEncoder.1/turn' type='integer' priority='3'>0</item>
    <item name='track.4/pushEncoder.2/press' type='boolean' priority='3'>0</item>
    <item name='track.4/pushEncoder.2/turn' type='integer' priority='3'>0</item>
    <item name='track.4/pushEncoder.3/press' type='boolean' priority='3'>0</item>
    <item name='track.4/pushEncoder.3/turn' type='integer' priority='3'>0</item>
    <item name='track.4/pushEncoder.4/press' type='boolean' priority='3'>0</item>
    <item name='track.4/pushEncoder.4/turn' type='integer' priority='3'>0</item>
    <item name='track.5/fader' type='integer' priority='4'>64</item>
    <item name='track.5/key.lower' type='boolean' priority='5'>0</item>
    <item name='track.5/key.upper' type='boolean' priority='5'>0</item>
    <item name='track.5/pushEncoder.1/press' type='boolean' priority='3'>0</item>
    <item name='track.5/pushEncoder.1/turn' type='integer' priority='3'>0</item>
    <item name='track.5/pushEncoder.2/press' type='boolean' priority='3'>0</item>
    <item name='track.5/pushEncoder.2/turn' type='integer' priority='3'>0</item>
    <item name='track.5/pushEncoder.3/press' type='boolean' priority='3'>0</item>
    <item name='track.5/pushEncoder.3/turn' type='integer' priority='3'>0</item>
    <item name='track.5/pushEncoder.4/press' type='boolean' priority='3'>0</item>
    <item name='track.5/pushEncoder.4/turn' type='integer' priority='3'>0</item>
    <item name='track.6/fader' type='integer' priority='4'>64</item>
    <item name='track.6/key.lower' type='boolean' priority='5'>0</item>
    <item name='track.6/key.upper' type='boolean' priority='5'>0</item>
    <item name='track.6/pushEncoder.1/press' type='boolean' priority='3'>0</item>
    <item name='track.6/pushEncoder.1/turn' type='integer' priority='3'>0</item>
    <item name='track.6/pushEncoder.2/press' type='boolean' priority='3'>0</item>
    <item name='track.6/pushEncoder.2/turn' type='integer' priority='3'>0</item>
    <item name='track.6/pushEncoder.3/press' type='boolean' priority='3'>0</item>
    <item name='track.6/pushEncoder.3/turn' type='integer' priority='3'>0</item>
    <item name='track.6/pushEncoder.4/press' type='boolean' priority='3'>0</item>
    <item name='track.6/pushEncoder.4/turn' type='integer' priority='3'>0</item>
    <item name='track.7/fader' type='integer' priority='4'>64</item>
    <item name='track.7/key.lower' type='boolean' priority='5'>0</item>
    <item name='track.7/key.upper' type='boolean' priority='5'>0</item>
    <item name='track.7/pushEncoder.1/press' type='boolean' priority='3'>0</item>
    <item name='track.7/pushEncoder.1/turn' type='integer' priority='3'>0</item>
    <item name='track.7/pushEncoder.2/press' type='boolean' priority='3'>0</item>
    <item name='track.7/pushEncoder.2/turn' type='integer' priority='3'>0</item>
    <item name='track.7/pushEncoder.3/press' type='boolean' priority='3'>0</item>
    <item name='track.7/pushEncoder.3/turn' type='integer' priority='3'>0</item>
    <item name='track.7/pushEncoder.4/press' type='boolean' priority='3'>0</item>
    <item name='track.7/pushEncoder.4/turn' type='integer' priority='3'>0</item>
    <item name='track.8/fader' type='integer' priority='4'>64</item>
    <item name='track.8/key.lower' type='boolean' priority='5'>0</item>
    <item name='track.8/key.upper' type='boolean' priority='5'>0</item>
    <item name='track.8/pushEncoder.1/press' type='boolean' priority='3'>0</item>
    <item name='track.8/pushEncoder.1/turn' type='integer' priority='3'>0</item>
    <item name='track.8/pushEncoder.2/press' type='boolean' priority='3'>0</item>
    <item name='track.8/pushEncoder.2/turn' type='integer' priority='3'>0</item>
    <item name='track.8/pushEncoder.3/press' type='boolean' priority='3'>0</item>
    <item name='track.8/pushEncoder.3/turn' type='integer' priority='3'>0</item>
    <item name='track.8/pushEncoder.4/press' type='boolean' priority='3'>0</item>
    <item name='track.8/pushEncoder.4/turn' type='integer' priority='3'>0</item>
    <item name='view/freeze' type='boolean' priority='0'>1</item>

  </preset>
</jamoma>
