<?xml version='1.0' encoding='iso-8859-1' standalone='yes' ?>

<jamoma version='0.4'
		xmlns:xsi='http://www.w3.org/2001/XMLSchema-instance'
		xsi:schemaLocation='http://jamoma.org/ file:jamoma.xsd'
>
  <preset number='1' name='default'>
    <item name='audio/gain' type='decimal' priority='0'>0.000000</item>
    <item name='audio/mute' type='boolean' priority='0'>1</item>
    <item name='factors' type='array' priority='0'>1.000000 2.000000 3.000000 4.000000 5.000000 6.000000 7.000000 8.000000 9.000000 10.000000 </item>
    <item name='frequency' type='decimal' priority='0'>100.000000</item>
    <item name='harmonic.1/gain' type='decimal' priority='0'>0.000000</item>
    <item name='harmonic.10/gain' type='decimal' priority='0'>-60.000000</item>
    <item name='harmonic.2/gain' type='decimal' priority='0'>-60.000000</item>
    <item name='harmonic.3/gain' type='decimal' priority='0'>-60.000000</item>
    <item name='harmonic.4/gain' type='decimal' priority='0'>-60.000000</item>
    <item name='harmonic.5/gain' type='decimal' priority='0'>-60.000000</item>
    <item name='harmonic.6/gain' type='decimal' priority='0'>-60.000000</item>
    <item name='harmonic.7/gain' type='decimal' priority='0'>-60.000000</item>
    <item name='harmonic.8/gain' type='decimal' priority='0'>-60.000000</item>
    <item name='harmonic.9/gain' type='decimal' priority='0'>-60.000000</item>
    <item name='view/freeze' type='boolean' priority='0'>0</item>

  </preset>
</jamoma>
