<?xml version='1.0' encoding='iso-8859-1' standalone='yes' ?>

<jamoma version='0.4'
		xmlns:xsi='http://www.w3.org/2001/XMLSchema-instance'
		xsi:schemaLocation='http://jamoma.org/ file:jamoma.xsd'
>
  <preset number='1' name='default'>
    <item name='active' type='boolean' priority='0'>0</item>
    <item name='bypass' type='boolean' priority='0'>0</item>
    <item name='gain' type='decimal' priority='0'>0</item>
    <item name='input' type='decimal' priority='0'>-0.000000</item>
    <item name='interval' type='decimal' priority='0'>50.000004</item>
    <item name='mix' type='decimal' priority='0'>0</item>
    <item name='mode' type='integer' priority='0'>0</item>
    <item name='mute' type='boolean' priority='0'>0</item>
    <item name='offset' type='decimal' priority='0'>0.000000</item>
    <item name='range' type='decimal' priority='0'>1000.000061</item>
    <item name='sharp' type='decimal' priority='0'>0.000000</item>
    <item name='smooth' type='decimal' priority='0'>49.999996</item>
    <item name='view/color/border' type='array' priority='0'>0</item>
    <item name='view/color/contentBackground' type='array' priority='0'>0</item>
    <item name='view/color/toolbarBackground' type='array' priority='0'>0</item>
    <item name='view/color/toolbarText' type='array' priority='0'>0</item>
    <item name='view/freeze' type='boolean' priority='0'>0</item>
    <item name='view/size' type='array' priority='0'>300 70 </item>
  </preset>
</jamoma>
