<?xml version='1.0' encoding='iso-8859-1' standalone='yes' ?>

<jamoma version='0.4'
		xmlns:xsi='http://www.w3.org/2001/XMLSchema-instance'
		xsi:schemaLocation='http://jamoma.org/ file:jamoma.xsd'
>
  <preset number='1' name='default'>
    <item name='buffers_list' type='array' priority='0'>anton.aif cello-f2.aif cherokee.aif drumLoop.aif jongly.aif rainstick.aif sho0630.aif vibes-a1.aif </item>
    <item name='mono' type='boolean' priority='0'>0</item>
    <item name='view/freeze' type='boolean' priority='0'>0</item>
  </preset>
  <preset number='2' name='buffer_set_2'>
    <item name='buffers_list' type='array' priority='0'>anton.aif jongly.aif cherokee.aif </item>
    <item name='mono' type='boolean' priority='0'>0</item>
    <item name='view/freeze' type='boolean' priority='0'>0</item>
  </preset>
  <preset number='3' name='buffer_set_3'>
    <item name='buffers_list' type='array' priority='0'>talk.aiff</item>
    <item name='mono' type='boolean' priority='0'>0</item>
    <item name='view/freeze' type='boolean' priority='0'>0</item>
  </preset>
</jamoma>
