<?xml version='1.0' encoding='iso-8859-1' standalone='yes' ?>

<jamoma version='0.4'
		xmlns:xsi='http://www.w3.org/2001/XMLSchema-instance'
		xsi:schemaLocation='http://jamoma.org/ file:jamoma.xsd'
>
  <preset number='1' name='default'>
    <item name='codec' type='string' priority='0' mixweight='1'>0</item>
    <item name='framerate' type='decimal' priority='0' mixweight='1'>1.000000</item>
    <item name='interp' type='boolean' priority='0' mixweight='1'>0</item>
    <item name='quality' type='string' priority='0' mixweight='1'>0</item>
    <item name='realtime' type='boolean' priority='0' mixweight='1'>0</item>
    <item name='video/bypass' type='boolean' priority='0' mixweight='1'>0</item>
    <item name='video/freeze' type='boolean' priority='0' mixweight='1'>0</item>
    <item name='video/mute' type='boolean' priority='0' mixweight='1'>0</item>
    <item name='video/preview' type='boolean' priority='0' mixweight='1'>0</item>
    <item name='view/freeze' type='boolean' priority='0' mixweight='1'>0</item>
    <item name='view/highlight' type='string' priority='0' mixweight='1'>none</item>
  </preset>
</jamoma>
