<?xml version='1.0' encoding='iso-8859-1' standalone='yes' ?>

<jamoma version='0.4'
		xmlns:xsi='http://www.w3.org/2001/XMLSchema-instance'
		xsi:schemaLocation='http://jamoma.org/ file:jamoma.xsd'
>
  <preset number='1' name='default'>
    <item name='colormode' type='string' priority='0'>wrap</item>
    <item name='gang' type='boolean' priority='0'>1</item>
    <item name='mode' type='integer' priority='0'>0</item>
    <item name='scale' type='integer' priority='0'>8</item>
    <item name='video/bypass' type='boolean' priority='0'>0</item>
    <item name='video/freeze' type='boolean' priority='0'>0</item>
    <item name='video/mute' type='boolean' priority='0'>0</item>
    <item name='video/preview' type='boolean' priority='0'>0</item>
    <item name='view/freeze' type='boolean' priority='0'>0</item>

    <item name='x/range' type='integer' priority='0'>25</item>
    <item name='x/step' type='integer' priority='0'>30</item>
    <item name='y/range' type='integer' priority='0'>25</item>
    <item name='y/step' type='integer' priority='0'>30</item>
  </preset>
</jamoma>
