<?xml version='1.0' encoding='iso-8859-1' standalone='yes' ?>

<jamoma version='0.4'
		xmlns:xsi='http://www.w3.org/2001/XMLSchema-instance'
		xsi:schemaLocation='http://jamoma.org/ file:jamoma.xsd'
>
  <preset number='1' name='default'>
    <item name='active' type='boolean' priority='0' mixweight='1'>0</item>
    <item name='camera/camera' type='string' priority='0' mixweight='1'>none</item>
    <item name='camera/device' type='string' priority='0' mixweight='1'>none</item>
    <item name='camera/size' type='integer' priority='0' mixweight='1'>1</item>
    <item name='camera/updaterate' type='integer' priority='0' mixweight='1'>1</item>
    <item name='desktop/offset/x' type='integer' priority='0' mixweight='1'>0</item>
    <item name='desktop/offset/y' type='integer' priority='0' mixweight='1'>0</item>
    <item name='desktop/size/x' type='integer' priority='0' mixweight='1'>320</item>
    <item name='desktop/size/y' type='integer' priority='0' mixweight='1'>240</item>
    <item name='file/autostart' type='integer' priority='0' mixweight='1'>1</item>
    <item name='file/framedump' type='boolean' priority='0' mixweight='1'>0</item>
    <item name='file/loop/bounds' type='array' priority='0' mixweight='1'>0</item>
    <item name='file/loop/mode' type='integer' priority='0' mixweight='1'>1</item>
    <item name='file/open' type='generic' priority='0' mixweight='1'>traffic.mov</item>
    <item name='file/rate' type='decimal' priority='0' mixweight='1'>1.000000</item>
    <item name='file/size' type='integer' priority='0' mixweight='1'>2</item>
    <item name='source' type='string' priority='0' mixweight='1'>file</item>
    <item name='synth/color/active' type='boolean' priority='0' mixweight='1'>0</item>
    <item name='synth/color' type='generic' priority='0' mixweight='1'>set</item>
    <item name='synth/noise/planes' type='integer' priority='0' mixweight='1'>4</item>
    <item name='synth/noise/size/x' type='integer' priority='0' mixweight='1'>320</item>
    <item name='synth/noise/size/y' type='integer' priority='0' mixweight='1'>240</item>
    <item name='updaterate' type='integer' priority='0' mixweight='1'>1</item>
    <item name='video/freeze' type='boolean' priority='0' mixweight='1'>0</item>
    <item name='video/gain' type='decimal' priority='0' mixweight='1'>100.000000</item>
    <item name='video/mute' type='boolean' priority='0' mixweight='1'>0</item>
    <item name='video/preview' type='boolean' priority='0' mixweight='1'>0</item>
    <item name='view/freeze' type='boolean' priority='0' mixweight='1'>0</item>
    <item name='view/highlight' type='string' priority='0' mixweight='1'>none</item>
  </preset>
</jamoma>
