<?xml version='1.0' encoding='iso-8859-1' standalone='yes' ?>

<jamoma version='0.4'
		xmlns:xsi='http://www.w3.org/2001/XMLSchema-instance'
		xsi:schemaLocation='http://jamoma.org/ file:jamoma.xsd'
>
  <preset number='1' name='default'>
    <item name='audio/mute' type='boolean' priority='0'>0</item>
    <item name='hopsize' type='integer' priority='0'>512</item>
    <item name='npartial' type='integer' priority='0'>7</item>
    <item name='reattack/dynamic' type='integer' priority='0'>10</item>
    <item name='reattack/period' type='integer' priority='0'>100</item>
    <item name='threshold/high' type='integer' priority='0'>77</item>
    <item name='threshold/low' type='integer' priority='0'>45</item>
    <item name='view/freeze' type='boolean' priority='0'>0</item>
    <item name='vibrato/interval' type='decimal' priority='0'>0.500000</item>
    <item name='vibrato/period' type='integer' priority='0'>100</item>
  </preset>
</jamoma>
