<?xml version='1.0' encoding='iso-8859-1' standalone='yes' ?>

<jamoma version='0.4'
		xmlns:xsi='http://www.w3.org/2001/XMLSchema-instance'
		xsi:schemaLocation='http://jamoma.org/ file:jamoma.xsd'
>
  <preset number='1' name='default'>
    <item name='/freeze' type='boolean' priority='0'>0</item>
    <item name='in_max' type='decimal' priority='0'>0.000000</item>
    <item name='in_min' type='decimal' priority='0'>0.000000</item>
    <item name='module_in_function' type='string' priority='6'>0</item>
    <item name='module_in_nr' type='integer' priority='2'>0</item>
    <item name='module_in' type='string' priority='1'>0</item>
    <item name='scroll-time' type='decimal' priority='0'>0.000000</item>
    <item name='view/freeze' type='boolean' priority='0'>0</item>
    <item name='window_size' type='integer' priority='0'>2</item>
  </preset>
</jamoma>
