<?xml version='1.0' encoding='iso-8859-1' standalone='yes' ?>

<jamoma version='0.4'
		xmlns:xsi='http://www.w3.org/2001/XMLSchema-instance'
		xsi:schemaLocation='http://jamoma.org/ file:jamoma.xsd'
>
  <preset number='1' name='default'>
    <item name='gdif/body/on' type='boolean' priority='0'>0</item>
    <item name='gdif/cooked/on' type='boolean' priority='0'>0</item>
    <item name='gdif/device/on' type='boolean' priority='0'>0</item>
    <item name='gdif/emotion/on' type='boolean' priority='0'>0</item>
    <item name='gdif/environment/on' type='boolean' priority='0'>0</item>
    <item name='gdif/performance/on' type='boolean' priority='0'>0</item>
    <item name='gdif/raw/on' type='boolean' priority='0'>0</item>
    <item name='mode' type='string' priority='0'>poll</item>
    <item name='mouse_on' type='boolean' priority='0'>0</item>
    <item name='reference' type='string' priority='0'>screen</item>
    <item name='sample_rate' type='integer' priority='0'>0</item>
    <item name='view/freeze' type='boolean' priority='0'>0</item>
  </preset>
</jamoma>
