<?xml version='1.0' encoding='iso-8859-1' standalone='yes' ?>

<jamoma version='0.4'
		xmlns:xsi='http://www.w3.org/2001/XMLSchema-instance'
		xsi:schemaLocation='http://jamoma.org/ file:jamoma.xsd'
>
  <preset number='1' name='default'>
    <item name='note1/nbr' type='integer' priority='0'>1</item>
    <item name='note2/nbr' type='integer' priority='0'>2</item>
    <item name='note3/nbr' type='integer' priority='0'>3</item>
    <item name='note4/nbr' type='integer' priority='0'>4</item>
    <item name='note5/nbr' type='integer' priority='0'>5</item>
    <item name='note6/nbr' type='integer' priority='0'>6</item>
    <item name='note7/nbr' type='integer' priority='0'>7</item>
    <item name='note8/nbr' type='integer' priority='0'>8</item>
    <item name='view/freeze' type='boolean' priority='0'>0</item>
  </preset>
</jamoma>
