<?xml version='1.0' encoding='iso-8859-1' standalone='yes' ?>

<jamoma version='0.4'
		xmlns:xsi='http://www.w3.org/2001/XMLSchema-instance'
		xsi:schemaLocation='http://jamoma.org/ file:jamoma.xsd'
>
  <preset number='1' name='default'>
    <item name='depthclip' type='integer' priority='0'>5</item>
    <item name='interpolation' type='boolean' priority='0'>0</item>
    <item name='kernel.1/center' type='array' priority='0'>0.375000 0.578125 </item>
    <item name='kernel.1/size' type='array' priority='0'>1.000000 1.000000 </item>
    <item name='kernel.1/weight' type='decimal' priority='0'>0.500000</item>
    <item name='kernel.2/center' type='array' priority='0'>-0.593750 -0.546875 </item>
    <item name='kernel.2/size' type='array' priority='0'>1.000000 1.000000 </item>
    <item name='kernel.2/weight' type='decimal' priority='0'>0.500000</item>
    <item name='kernel.3/center' type='array' priority='0'>0.593750 -0.515625 </item>
    <item name='kernel.3/size' type='array' priority='0'>1.000000 1.000000 </item>
    <item name='kernel.3/weight' type='decimal' priority='0'>0.500000</item>
    <item name='kernel.4/center' type='array' priority='0'>-0.468750 0.625000 </item>
    <item name='kernel.4/size' type='array' priority='0'>1.000000 1.000000 </item>
    <item name='kernel.4/weight' type='decimal' priority='0'>0.500000</item>
    <item name='kernel.5/center' type='array' priority='0'>0.062500 -0.078125 </item>
    <item name='kernel.5/size' type='array' priority='0'>1.000000 1.000000 </item>
    <item name='kernel.5/weight' type='decimal' priority='0'>0.500000</item>
    <item name='position' type='array' priority='0'>0.000000 0.000000 </item>
    <item name='preset.1' type='array' priority='0'>0.000000 0.000000 0.000000 0.000000 0.000000 0.000000 0.000000 0.000000 0.000000 0.000000 0.000000 0.000000 0.000000 0.000000 0.000000 0.000000 0.000000 0.000000 0.000000 0.000000 0.000000 0.000000 0.000000 0.000000 0.000000 </item>
    <item name='preset.2' type='array' priority='0'>0.000000 0.000000 0.000000 0.000000 0.000000 0.000000 0.000000 0.000000 0.000000 0.000000 0.000000 0.000000 0.000000 0.000000 0.000000 0.000000 0.000000 0.000000 0.000000 0.000000 0.000000 0.000000 0.000000 0.000000 0.000000 </item>
    <item name='preset.3' type='array' priority='0'>0.000000 0.000000 0.000000 0.000000 0.000000 0.000000 0.000000 0.000000 0.000000 0.000000 0.000000 0.000000 0.000000 0.000000 0.000000 0.000000 0.000000 0.000000 0.000000 0.000000 0.000000 0.000000 0.000000 0.000000 0.000000 </item>
    <item name='preset.4' type='array' priority='0'>0.000000 0.000000 0.000000 0.000000 0.000000 0.000000 0.000000 0.000000 0.000000 0.000000 0.000000 0.000000 0.000000 0.000000 0.000000 0.000000 0.000000 0.000000 0.000000 0.000000 0.000000 0.000000 0.000000 0.000000 0.000000 </item>
    <item name='preset.5' type='array' priority='0'>0.000000 0.000000 0.000000 0.000000 0.000000 0.000000 0.000000 0.000000 0.000000 0.000000 0.000000 0.000000 0.000000 0.000000 0.000000 0.000000 0.000000 0.000000 0.000000 0.000000 0.000000 0.000000 0.000000 0.000000 0.000000 </item>
    <item name='view/freeze' type='boolean' priority='0'>0</item>
    <item name='video/freeze' type='boolean' priority='0'>0</item>
    <item name='video/mute' type='boolean' priority='0'>0</item>
    <item name='video/preview' type='boolean' priority='0'>1</item>
    <item name='view/color/border' type='array' priority='0'>0</item>
    <item name='view/color/contentBackground' type='array' priority='0'>0</item>
    <item name='view/color/toolbarBackground' type='array' priority='0'>0</item>
    <item name='view/color/toolbarText' type='array' priority='0'>0</item>
    <item name='widthclip' type='integer' priority='0'>25</item>
  </preset>
</jamoma>
