<?xml version='1.0' encoding='iso-8859-1' standalone='yes' ?>

<jamoma version='0.4'
		xmlns:xsi='http://www.w3.org/2001/XMLSchema-instance'
		xsi:schemaLocation='http://jamoma.org/ file:jamoma.xsd'
>
  <preset number='1' name='default'>
    <item name='beats' type='integer' priority='3'>4</item>
    <item name='unit' type='integer' priority='4'>4</item>
    <item name='mute' type='boolean' priority='0'>1</item>
    <item name='position/bars' type='integer' priority='10'>1</item>
    <item name='position/beats' type='integer' priority='11'>1</item>
    <item name='position/units' type='decimal' priority='12'>0.000000</item>
    <item name='view/freeze' type='boolean' priority='0'>0</item>

  </preset>
</jamoma>
