<?xml version='1.0' encoding='iso-8859-1' standalone='yes' ?>

<jamoma version='0.4'
		xmlns:xsi='http://www.w3.org/2001/XMLSchema-instance'
		xsi:schemaLocation='http://jamoma.org/ file:jamoma.xsd'
>
  <preset number='1' name='default'>
    <item name='audio/bypass' type='boolean' priority='0' mixweight='1'>0</item>
    <item name='audio/mute' type='boolean' priority='0' mixweight='1'>0</item>
    <item name='mode' type='string' priority='0' mixweight='1'>FastMode</item>
    <item name='position' type='decimal' priority='0' mixweight='1'>0.000000</item>
    <item name='shape' type='string' priority='0' mixweight='1'>EqualPower</item>
    <item name='view/freeze' type='boolean' priority='0' mixweight='1'>0</item>
    <item name='view/highlight' type='string' priority='0' mixweight='1'>none</item>
  </preset>
</jamoma>
