<?xml version='1.0' encoding='iso-8859-1' standalone='yes' ?>

<jamoma version='0.4'
		xmlns:xsi='http://www.w3.org/2001/XMLSchema-instance'
		xsi:schemaLocation='http://jamoma.org/ file:jamoma.xsd'
>
  <preset number='1' name='default'>
    <item name='channel' type='integer' priority='0'>1</item>
    <item name='midiin' type='string' priority='0'>Fireface (754) Port 1</item>
    <item name='mute' type='boolean' priority='0'>0</item>
    <item name='resolution' type='integer' priority='0'>12</item>
    <item name='view/freeze' type='boolean' priority='0'>0</item>
  </preset>
  <preset number='2' name='chateau de preset'>
    <item name='channel' type='integer' priority='0'>1</item>
    <item name='midiin' type='string' priority='0'>0</item>
    <item name='mute' type='boolean' priority='0'>0</item>
    <item name='resolution' type='integer' priority='0'>12</item>
    <item name='view/freeze' type='boolean' priority='0'>0</item>
  </preset>
</jamoma>
