<?xml version='1.0' encoding='iso-8859-1' standalone='yes' ?>

<jamoma version='0.4'
		xmlns:xsi='http://www.w3.org/2001/XMLSchema-instance'
		xsi:schemaLocation='http://jamoma.org/ file:jamoma.xsd'
>
  <preset number='1' name='default'>
    <item name='audio/mute' type='boolean' priority='0'>0</item>
    <item name='aux.1' type='decimal' priority='0'>0.000000</item>
    <item name='aux.2' type='decimal' priority='0'>0.000000</item>
    <item name='link' type='integer' priority='28'>0</item>
    <item name='mode' type='string' priority='30'>static</item>
    <item name='output/bottomLeft' type='integer' priority='0'>3</item>
    <item name='output/bottomRight' type='integer' priority='0'>4</item>
    <item name='output/ramptime' type='decimal' priority='0'>0</item>
    <item name='output/topLeft' type='integer' priority='0'>1</item>
    <item name='output/topRight' type='integer' priority='0'>2</item>
    <item name='position/rd' type='decimal' priority='32'>0.215562</item>
    <item name='position/sps' type='decimal' priority='31'>-1.000000</item>
    <item name='position/x' type='decimal' priority='34'>-0.088608</item>
    <item name='position/y' type='decimal' priority='33'>-0.037975</item>
    <item name='position2/rd' type='decimal' priority='32'>0.650000</item>
    <item name='position2/sps' type='decimal' priority='31'>-1.000000</item>
    <item name='position2/x' type='decimal' priority='34'>0.088608</item>
    <item name='position2/y' type='decimal' priority='33'>-0.063291</item>
    <item name='timeambitus/max' type='integer' priority='0'>0</item>
    <item name='timeambitus/min' type='integer' priority='0'>0</item>
    <item name='view/freeze' type='boolean' priority='0'>0</item>
    <item name='volume' type='decimal' priority='0'>1.000000</item>
  </preset>
</jamoma>
