<?xml version='1.0' encoding='iso-8859-1' standalone='yes' ?>

<jamoma version='0.4'
		xmlns:xsi='http://www.w3.org/2001/XMLSchema-instance'
		xsi:schemaLocation='http://jamoma.org/ file:jamoma.xsd'
>
  <preset number='1' name='default'>
    <item name='my_float' type='decimal' priority='0'>7.000000</item>
    <item name='my_int' type='integer' priority='0'>19</item>
    <item name='my_menu' type='string' priority='0'>0</item>
    <item name='my_slider' type='integer' priority='0'>64</item>
    <item name='my_toggle' type='boolean' priority='0'>1</item>
    <item name='view/freeze' type='boolean' priority='0'>0</item>
  </preset>
</jamoma>
