<?xml version='1.0' encoding='iso-8859-1' standalone='yes' ?>

<jamoma version='0.4'
		xmlns:xsi='http://www.w3.org/2001/XMLSchema-instance'
		xsi:schemaLocation='http://jamoma.org/ file:jamoma.xsd'
>
  <preset number='1' name='default'>
    <item name='audio/gain' type='decimal' priority='0'>100.000000</item>
    <item name='audio/mute' type='boolean' priority='0'>0</item>
    <item name='autoscale~.1/exp' type='decimal' priority='3'>1.000000</item>
    <item name='autoscale~.1/lock' type='integer' priority='3'>0</item>
    <item name='autoscale~.1/max' type='decimal' priority='3'>1.000000</item>
    <item name='autoscale~.1/min' type='decimal' priority='3'>-1.000000</item>
    <item name='numAutoscalers' type='integer' priority='1'>1</item>
    <item name='view/freeze' type='boolean' priority='0'>0</item>
    <item name='view/color/border' type='array' priority='0'>0</item>
    <item name='view/color/contentBackground' type='array' priority='0'>0</item>
    <item name='view/color/toolbarBackground' type='array' priority='0'>0</item>
    <item name='view/color/toolbarText' type='array' priority='0'>0</item>
    <item name='view/size' type='array' priority='0'>300 70 </item>
  </preset>
  <preset number='2' name='6-autoscalers'>
    <item name='audio/gain' type='decimal' priority='0'>100.000000</item>
    <item name='audio/mute' type='boolean' priority='0'>0</item>
    <item name='autoscale~.1/exp' type='decimal' priority='3'>1.000000</item>
    <item name='autoscale~.1/lock' type='integer' priority='3'>0</item>
    <item name='autoscale~.1/max' type='decimal' priority='3'>1.000000</item>
    <item name='autoscale~.1/min' type='decimal' priority='3'>-1.000000</item>
    <item name='autoscale~.2/exp' type='decimal' priority='3'>1.000000</item>
    <item name='autoscale~.2/lock' type='integer' priority='3'>0</item>
    <item name='autoscale~.2/max' type='decimal' priority='3'>1.000000</item>
    <item name='autoscale~.2/min' type='decimal' priority='3'>-1.000000</item>
    <item name='autoscale~.3/exp' type='decimal' priority='3'>1.000000</item>
    <item name='autoscale~.3/lock' type='integer' priority='3'>0</item>
    <item name='autoscale~.3/max' type='decimal' priority='3'>1.000000</item>
    <item name='autoscale~.3/min' type='decimal' priority='3'>-1.000000</item>
    <item name='autoscale~.4/exp' type='decimal' priority='3'>1.000000</item>
    <item name='autoscale~.4/lock' type='integer' priority='3'>0</item>
    <item name='autoscale~.4/max' type='decimal' priority='3'>1.000000</item>
    <item name='autoscale~.4/min' type='decimal' priority='3'>-1.000000</item>
    <item name='autoscale~.5/exp' type='decimal' priority='3'>1.000000</item>
    <item name='autoscale~.5/lock' type='integer' priority='3'>0</item>
    <item name='autoscale~.5/max' type='decimal' priority='3'>1.000000</item>
    <item name='autoscale~.5/min' type='decimal' priority='3'>-1.000000</item>
    <item name='autoscale~.6/exp' type='decimal' priority='3'>1.000000</item>
    <item name='autoscale~.6/lock' type='integer' priority='3'>0</item>
    <item name='autoscale~.6/max' type='decimal' priority='3'>1.000000</item>
    <item name='autoscale~.6/min' type='decimal' priority='3'>-1.000000</item>
    <item name='numAutoscalers' type='integer' priority='1'>6</item>
    <item name='view/freeze' type='boolean' priority='0'>0</item>
    <item name='view/color/border' type='array' priority='0'>0</item>
    <item name='view/color/contentBackground' type='array' priority='0'>0</item>
    <item name='view/color/toolbarBackground' type='array' priority='0'>0</item>
    <item name='view/color/toolbarText' type='array' priority='0'>0</item>
    <item name='view/size' type='array' priority='0'>300 70 </item>
  </preset>
</jamoma>
