<?xml version='1.0' encoding='iso-8859-1' standalone='yes' ?>

<jamoma version='0.4'
		xmlns:xsi='http://www.w3.org/2001/XMLSchema-instance'
		xsi:schemaLocation='http://jamoma.org/ file:jamoma.xsd'
>
  <preset number='1' name='default'>
    <item name='audio/bypass' type='boolean' priority='0'>0</item>
    <item name='audio/gain' type='decimal' priority='0'>0.000000</item>
    <item name='audio/mix' type='decimal' priority='0'>100.000000</item>
    <item name='audio/mute' type='boolean' priority='0'>1</item>
    <item name='remix/noise_error' type='decimal' priority='0'>0.100000</item>
    <item name='remix/noise' type='decimal' priority='0'>0</item>
    <item name='remix/relax' type='decimal' priority='0'>0</item>
    <item name='remix/sinus' type='decimal' priority='0'>0</item>
    <item name='remix/transient' type='decimal' priority='0'>0</item>
    <item name='spectral_envelope/max_freq' type='decimal' priority='0'>0</item>
    <item name='spectral_envelope/transpose' type='decimal' priority='0'>0.000000</item>
    <item name='transpose' type='decimal' priority='0'>0.000000</item>
    <item name='view/freeze' type='boolean' priority='0'>0</item>
  </preset>
</jamoma>
