<?xml version='1.0' encoding='iso-8859-1' standalone='yes' ?>

<jamoma version='0.4'
		xmlns:xsi='http://www.w3.org/2001/XMLSchema-instance'
		xsi:schemaLocation='http://jamoma.org/ file:jamoma.xsd'
>
  <preset number='1' name='default'>
    <item name='colormode' type='generic' priority='5' mixweight='1'>uyvy</item>
    <item name='fade' type='decimal' priority='4' mixweight='1'>0.000000</item>
    <item name='lum2alpha' type='boolean' priority='2' mixweight='1'>1</item>
    <item name='plane' type='integer' priority='1' mixweight='1'>0</item>
    <item name='preview' type='boolean' priority='0' mixweight='1'>0</item>
    <item name='threshold' type='decimal' priority='3' mixweight='1'>0.000000</item>
    <item name='view/color/border' type='array' priority='0' mixweight='1'>0</item>
    <item name='view/color/contentBackground' type='array' priority='0' mixweight='1'>0</item>
    <item name='view/color/toolbarBackground' type='array' priority='0' mixweight='1'>0</item>
    <item name='view/color/toolbarText' type='array' priority='0' mixweight='1'>0</item>
    <item name='view/freeze' type='boolean' priority='0' mixweight='1'>0</item>
    <item name='view/size' type='array' priority='0' mixweight='1'>300 70 </item>
  </preset>
</jamoma>
