<?xml version='1.0' encoding='iso-8859-1' standalone='yes' ?>

<jamoma version='0.4'
		xmlns:xsi='http://www.w3.org/2001/XMLSchema-instance'
		xsi:schemaLocation='http://jamoma.org/ file:jamoma.xsd'
>
  <preset number='1' name='default'>
    <item name='bend/smoothingFilter/coefficient' type='decimal' priority='0'>0.000000</item>
    <item name='bend/smoothingFilter/type' type='string' priority='0'>none</item>
    <item name='driver/rate' type='decimal' priority='0'>100.000000</item>
    <item name='freeze' type='boolean' priority='0'>0</item>
    <item name='position/smoothingFilter/coefficient' type='decimal' priority='0'>0.000000</item>
    <item name='position/smoothingFilter/type' type='string' priority='0'>none</item>
    <item name='view/color/border' type='array' priority='0'>0</item>
    <item name='view/color/contentBackground' type='array' priority='0'>0</item>
    <item name='view/color/toolbarBackground' type='array' priority='0'>0</item>
    <item name='view/color/toolbarText' type='array' priority='0'>0</item>
    <item name='view/freeze' type='boolean' priority='0'>0</item>
    <item name='view/size' type='array' priority='0'>300 70 </item>
  </preset>
  <preset number='2' name='preset2'>
    <item name='bend/smoothingFilter/coefficient' type='decimal' priority='0'>0.000000</item>
    <item name='bend/smoothingFilter/type' type='string' priority='0'>none</item>
    <item name='driver/rate' type='decimal' priority='0'>60.000000</item>
    <item name='freeze' type='boolean' priority='0'>0</item>
    <item name='position/smoothingFilter/coefficient' type='decimal' priority='0'>13.000000</item>
    <item name='position/smoothingFilter/type' type='string' priority='0'>median</item>
    <item name='view/color/border' type='array' priority='0'>0</item>
    <item name='view/color/contentBackground' type='array' priority='0'>0</item>
    <item name='view/color/toolbarBackground' type='array' priority='0'>0</item>
    <item name='view/color/toolbarText' type='array' priority='0'>0</item>
    <item name='view/freeze' type='boolean' priority='0'>1</item>
    <item name='view/size' type='array' priority='0'>300 70 </item>
  </preset>
  <preset number='3' name='preset3'>
    <item name='bend/smoothingFilter/coefficient' type='decimal' priority='0'>0.000000</item>
    <item name='bend/smoothingFilter/type' type='string' priority='0'>none</item>
    <item name='driver/rate' type='decimal' priority='0'>30.000000</item>
    <item name='freeze' type='boolean' priority='0'>0</item>
    <item name='position/smoothingFilter/coefficient' type='decimal' priority='0'>10.000000</item>
    <item name='position/smoothingFilter/type' type='string' priority='0'>averaging</item>
    <item name='view/color/border' type='array' priority='0'>0</item>
    <item name='view/color/contentBackground' type='array' priority='0'>0</item>
    <item name='view/color/toolbarBackground' type='array' priority='0'>0</item>
    <item name='view/color/toolbarText' type='array' priority='0'>0</item>
    <item name='view/freeze' type='boolean' priority='0'>1</item>
    <item name='view/size' type='array' priority='0'>300 70 </item>
  </preset>
</jamoma>
