<?xml version='1.0' encoding='iso-8859-1' standalone='yes' ?>

<jamoma version='0.4'
		xmlns:xsi='http://www.w3.org/2001/XMLSchema-instance'
		xsi:schemaLocation='http://jamoma.org/ file:jamoma.xsd'
>
  <preset number='1' name='default'>
    <item name='audio/freeze' type='boolean' priority='0' mixweight='1'>0</item>
    <item name='audio/mix' type='decimal' priority='0' mixweight='1'>60.000000</item>
    <item name='audio/mute' type='boolean' priority='0' mixweight='1'>0</item>
    <item name='buff/choice' type='boolean' priority='0' mixweight='1'>0</item>
    <item name='buff/file' type='string' priority='0' mixweight='1'>0</item>
    <item name='buff/rand' type='boolean' priority='0' mixweight='1'>0</item>
    <item name='buff/scrub' type='decimal' priority='0' mixweight='1'>0.000000</item>
    <item name='buff/speed' type='decimal' priority='0' mixweight='1'>1.000000</item>
    <item name='depth' type='integer' priority='6' mixweight='1'>0</item>
    <item name='direction' type='integer' priority='0' mixweight='1'>0</item>
    <item name='folder' type='string' priority='3' mixweight='1'>1.000000</item>
    <item name='maxDelay' type='integer' priority='0' mixweight='1'>7000</item>
    <item name='mod/delay' type='decimal' priority='0' mixweight='1'>0.000000</item>
    <item name='mod/gain' type='decimal' priority='0' mixweight='1'>0.000000</item>
    <item name='mod/pitch' type='decimal' priority='0' mixweight='1'>0.000000</item>
    <item name='mod/pitchVar' type='decimal' priority='0' mixweight='1'>0.000000</item>
    <item name='mod/rate' type='decimal' priority='0' mixweight='1'>0.000000</item>
    <item name='mod/rateVar' type='decimal' priority='0' mixweight='1'>0.000000</item>
    <item name='mod/size' type='decimal' priority='0' mixweight='1'>0.000000</item>
    <item name='mod/sizeVar' type='decimal' priority='0' mixweight='1'>0.000000</item>
    <item name='numChannels' type='integer' priority='0' mixweight='1'>2</item>
    <item name='pan' type='boolean' priority='0' mixweight='1'>0</item>
    <item name='param/delay' type='decimal' priority='0' mixweight='1'>929.458008</item>
    <item name='param/gainVar' type='decimal' priority='0' mixweight='1'>0.000000</item>
    <item name='param/gain' type='decimal' priority='0' mixweight='1'>0.628571</item>
    <item name='param/pitch' type='decimal' priority='0' mixweight='1'>1.000000</item>
    <item name='param/pitchVar' type='decimal' priority='0' mixweight='1'>0.000000</item>
    <item name='param/rate' type='decimal' priority='0' mixweight='1'>0.000000</item>
    <item name='param/rateVar' type='decimal' priority='0' mixweight='1'>0.000000</item>
    <item name='param/sizeVar' type='integer' priority='0' mixweight='1'>120</item>
    <item name='param/size' type='integer' priority='0' mixweight='1'>510</item>
    <item name='param/spread' type='decimal' priority='0' mixweight='1'>1.000000</item>
    <item name='ramp' type='integer' priority='0' mixweight='1'>18</item>
    <item name='sieves' type='array' priority='0' mixweight='1'>0</item>
    <item name='tune' type='integer' priority='0' mixweight='1'>0</item>
    <item name='view/color/border' type='array' priority='0' mixweight='1'>0</item>
    <item name='view/color/contentBackground' type='array' priority='0' mixweight='1'>0</item>
    <item name='view/color/toolbarBackground' type='array' priority='0' mixweight='1'>0</item>
    <item name='view/color/toolbarText' type='array' priority='0' mixweight='1'>0</item>
    <item name='view/freeze' type='boolean' priority='0' mixweight='1'>0</item>
    <item name='view/size' type='array' priority='0'>300 105 </item>
    <item name='voices' type='integer' priority='0' mixweight='1'>30</item>
  </preset>
</jamoma>
