<?xml version='1.0' encoding='iso-8859-1' standalone='yes' ?>

<jamoma version='0.4'
		xmlns:xsi='http://www.w3.org/2001/XMLSchema-instance'
		xsi:schemaLocation='http://jamoma.org/ file:jamoma.xsd'
>
  <preset number='1' name='Default'>
    <item name='audio/gain' type='decimal' priority='0' mixweight='1'>100.000000</item>
    <item name='audio/mix' type='decimal' priority='0' mixweight='1'>100.000000</item>
    <item name='audio/mute' type='boolean' priority='0' mixweight='1'>0</item>
    <item name='feedback' type='integer' priority='1' mixweight='1'>0</item>
    <item name='frequency' type='decimal' priority='1' mixweight='1'>5000.000000</item>
    <item name='grain/delay/variation' type='integer' priority='1' mixweight='1'>33</item>
    <item name='grain/delay' type='integer' priority='1' mixweight='1'>500</item>
    <item name='grain/density' type='integer' priority='1' mixweight='1'>87</item>
    <item name='grain/octave/variation' type='integer' priority='1' mixweight='1'>2</item>
    <item name='grain/octave' type='integer' priority='1' mixweight='1'>1</item>
    <item name='grain/position/variation' type='integer' priority='1' mixweight='1'>100</item>
    <item name='grain/size' type='integer' priority='1' mixweight='1'>40</item>
    <item name='grain/size' type='integer' priority='1' mixweight='1'>36</item>
    <item name='resonance' type='integer' priority='1' mixweight='1'>0</item>
    <item name='view/color/border' type='array' priority='0' mixweight='1'>0</item>
    <item name='view/color/contentBackground' type='array' priority='0' mixweight='1'>0</item>
    <item name='view/color/toolbarBackground' type='array' priority='0' mixweight='1'>0</item>
    <item name='view/color/toolbarText' type='array' priority='0' mixweight='1'>0</item>
    <item name='view/freeze' type='boolean' priority='0' mixweight='1'>0</item>
    <item name='view/size' type='array' priority='0'>300 70 </item>
  </preset>
</jamoma>
