<?xml version='1.0' encoding='iso-8859-1' standalone='yes' ?>

<jamoma version='0.4'
		xmlns:xsi='http://www.w3.org/2001/XMLSchema-instance'
		xsi:schemaLocation='http://jamoma.org/ file:jamoma.xsd'
>
  <preset number='1' name='default'>
    <item name='axes' type='generic' priority='0' mixweight='1'>0</item>
    <item name='color/alpha' type='decimal' priority='0' mixweight='1'>1.000000</item>
    <item name='color/blue' type='decimal' priority='0' mixweight='1'>1.000000</item>
    <item name='color/green' type='decimal' priority='0' mixweight='1'>1.000000</item>
    <item name='color/red' type='decimal' priority='0' mixweight='1'>1.000000</item>
    <item name='cornerpin/lower/left/corner/horizontal' type='decimal' priority='0' mixweight='1'>-1.000000</item>
    <item name='cornerpin/lower/left/corner/vertical' type='decimal' priority='0' mixweight='1'>-1.000000</item>
    <item name='cornerpin/lower/right/corner/horizontal' type='decimal' priority='0' mixweight='1'>1.000000</item>
    <item name='cornerpin/lower/right/corner/vertical' type='decimal' priority='0' mixweight='1'>-1.000000</item>
    <item name='cornerpin/upper/left/corner/horizontal' type='decimal' priority='0' mixweight='1'>-1.000000</item>
    <item name='cornerpin/upper/left/corner/vertical' type='decimal' priority='0' mixweight='1'>1.000000</item>
    <item name='cornerpin/upper/right/corner/horizontal' type='decimal' priority='0' mixweight='1'>1.000000</item>
    <item name='cornerpin/upper/right/corner/vertical' type='decimal' priority='0' mixweight='1'>1.000000</item>
    <item name='edgeblend/bottom' type='decimal' priority='0' mixweight='1'>0.000000</item>
    <item name='edgeblend/left' type='decimal' priority='0' mixweight='1'>0.000000</item>
    <item name='edgeblend/right' type='decimal' priority='0' mixweight='1'>0.000000</item>
    <item name='edgeblend/top' type='decimal' priority='0' mixweight='1'>0.000000</item>
    <item name='position/x' type='decimal' priority='0' mixweight='1'>50.000000</item>
    <item name='position/y' type='decimal' priority='0' mixweight='1'>50.000000</item>
    <item name='position/z' type='decimal' priority='0' mixweight='1'>0.000000</item>
    <item name='preview' type='boolean' priority='0' mixweight='1'>0</item>
    <item name='rotate/x' type='decimal' priority='0' mixweight='1'>0.000000</item>
    <item name='rotate/y' type='decimal' priority='0' mixweight='1'>0.000000</item>
    <item name='rotate/z' type='decimal' priority='0' mixweight='1'>0.000000</item>
    <item name='scale/hight' type='decimal' priority='0' mixweight='1'>0.400000</item>
    <item name='scale/width' type='decimal' priority='0' mixweight='1'>0.400000</item>
    <item name='view/color/border' type='array' priority='0' mixweight='1'>0</item>
    <item name='view/color/contentBackground' type='array' priority='0' mixweight='1'>0</item>
    <item name='view/color/toolbarBackground' type='array' priority='0' mixweight='1'>0</item>
    <item name='view/color/toolbarText' type='array' priority='0' mixweight='1'>0</item>
    <item name='view/freeze' type='boolean' priority='0' mixweight='1'>0</item>
    <item name='view/size' type='array' priority='0' mixweight='1'>300 70 </item>
  </preset>
</jamoma>
