<?xml version='1.0' encoding='iso-8859-1' standalone='yes' ?>

<jamoma version='0.4'
		xmlns:xsi='http://www.w3.org/2001/XMLSchema-instance'
		xsi:schemaLocation='http://jamoma.org/ file:jamoma.xsd'
>
  <preset number='1' name='default'>
    <item name='clip' type='boolean' priority='0' mixweight='1'>1</item>
    <item name='env/cutoff' type='integer' priority='0' mixweight='1'>800</item>
    <item name='env/on' type='boolean' priority='0' mixweight='1'>1</item>
    <item name='env/period' type='integer' priority='0' mixweight='1'>10</item>
    <item name='gain' type='decimal' priority='0' mixweight='1'>100.000000</item>
    <item name='pre-slide/down' type='integer' priority='0' mixweight='1'>2</item>
    <item name='pre-slide/up' type='integer' priority='0' mixweight='1'>2</item>
    <item name='scale/input/max' type='decimal' priority='0' mixweight='1'>0.000000</item>
    <item name='scale/input/min' type='decimal' priority='0' mixweight='1'>0.000000</item>
    <item name='scale/max' type='decimal' priority='0' mixweight='1'>1.000000</item>
    <item name='scale/min' type='decimal' priority='0' mixweight='1'>0.000000</item>
    <item name='scale/mode' type='integer' priority='0' mixweight='1'>1</item>
    <item name='scale/window' type='integer' priority='0' mixweight='1'>1000</item>
    <item name='slide/down' type='integer' priority='0' mixweight='1'>10</item>
    <item name='slide/up' type='integer' priority='0' mixweight='1'>1</item>
    <item name='view/color/border' type='array' priority='0' mixweight='1'>0</item>
    <item name='view/color/contentBackground' type='array' priority='0' mixweight='1'>0</item>
    <item name='view/color/toolbarBackground' type='array' priority='0' mixweight='1'>0</item>
    <item name='view/color/toolbarText' type='array' priority='0' mixweight='1'>0</item>
    <item name='view/freeze' type='boolean' priority='0' mixweight='1'>0</item>
    <item name='view/size' type='array' priority='0'>300 70 </item>
    <item name='visualize' type='boolean' priority='0' mixweight='1'>1</item>
  </preset>
</jamoma>
