<?xml version='1.0' encoding='iso-8859-1' standalone='yes' ?>

<jamoma version='0.4'
		xmlns:xsi='http://www.w3.org/2001/XMLSchema-instance'
		xsi:schemaLocation='http://jamoma.org/ file:jamoma.xsd'
>
  <preset number='1' name='default'>
    <item name='amp-range' type='generic' priority='10'>40 50 </item>
    <item name='bright' type='boolean' priority='13'>0</item>
    <item name='buffer/size' type='integer' priority='1'>2048</item>
    <item name='delay' type='integer' priority='5'>0</item>
    <item name='fft/size' type='integer' priority='3'>4096</item>
    <item name='hop/size' type='integer' priority='2'>512</item>
    <item name='linear/log' type='integer' priority='11'>1</item>
    <item name='loud' type='boolean' priority='12'>0</item>
    <item name='npartial' type='decimal' priority='16'>7.000000</item>
    <item name='peaks/to/find' type='integer' priority='7'>10</item>
    <item name='peaks/to/output' type='integer' priority='8'>3</item>
    <item name='pitches' type='integer' priority='6'>1</item>
    <item name='reattack' type='generic' priority='15'>100 10 </item>
    <item name='vibrato' type='generic' priority='14'>50.000000 0.500000 </item>
    <item name='view/color/border' type='array' priority='0'>0</item>
    <item name='view/color/contentBackground' type='array' priority='0'>0</item>
    <item name='view/color/toolbarBackground' type='array' priority='0'>0</item>
    <item name='view/color/toolbarText' type='array' priority='0'>0</item>
    <item name='view/freeze' type='boolean' priority='0'>0</item>
    <item name='view/size' type='array' priority='0'>300 70 </item>
    <item name='window' type='integer' priority='4'>1</item>
  </preset>
</jamoma>
