<?xml version='1.0' encoding='iso-8859-1' standalone='yes' ?>

<jamoma version='0.4'
		xmlns:xsi='http://www.w3.org/2001/XMLSchema-instance'
		xsi:schemaLocation='http://jamoma.org/ file:jamoma.xsd'
>
  <preset number='1' name='default'>
    <item name='IR.1/function' type='array' priority='0'>0.000000 1.000000 1000.000000 1.000000 </item>
    <item name='IR.1/gain' type='decimal' priority='0'>0</item>
    <item name='IR.1/mute' type='integer' priority='0'>0</item>
    <item name='IR.1/predelay' type='decimal' priority='0'>0</item>
    <item name='IR.1/reverse' type='boolean' priority='0'>0</item>
    <item name='IR.2/function' type='array' priority='0'>0.000000 1.000000 1000.000000 1.000000 </item>
    <item name='IR.2/gain' type='decimal' priority='0'>0</item>
    <item name='IR.2/mute' type='integer' priority='0'>0</item>
    <item name='IR.2/predelay' type='decimal' priority='0'>0</item>
    <item name='IR.2/reverse' type='boolean' priority='0'>0</item>
    <item name='IR.3/function' type='array' priority='0'>0.000000 1.000000 1000.000000 1.000000 </item>
    <item name='IR.3/gain' type='decimal' priority='0'>0</item>
    <item name='IR.3/mute' type='integer' priority='0'>0</item>
    <item name='IR.3/predelay' type='decimal' priority='0'>0</item>
    <item name='IR.3/reverse' type='boolean' priority='0'>0</item>
    <item name='IR.4/function' type='array' priority='0'>0.000000 1.000000 1000.000000 1.000000 </item>
    <item name='IR.4/gain' type='decimal' priority='0'>0</item>
    <item name='IR.4/mute' type='integer' priority='0'>0</item>
    <item name='IR.4/predelay' type='decimal' priority='0'>0</item>
    <item name='IR.4/reverse' type='boolean' priority='0'>0</item>
    <item name='SegmentSize' type='integer' priority='0'>0</item>
    <item name='audio/bypass' type='boolean' priority='0'>0</item>
    <item name='audio/gain' type='decimal' priority='0'>100.000000</item>
    <item name='audio/mix' type='decimal' priority='0'>50.000000</item>
    <item name='audio/mute' type='boolean' priority='0'>0</item>
    <item name='channels' type='integer' priority='4'>4</item>
    <item name='delay' type='decimal' priority='0'>0</item>
    <item name='view/freeze' type='boolean' priority='0'>0</item>
    <item name='view/color/border' type='array' priority='0'>0</item>
    <item name='view/color/contentBackground' type='array' priority='0'>0</item>
    <item name='view/color/toolbarBackground' type='array' priority='0'>0</item>
    <item name='view/color/toolbarText' type='array' priority='0'>0</item>
    <item name='view/size' type='array' priority='0'>300 70 </item>
  </preset>
</jamoma>
