<?xml version='1.0' encoding='iso-8859-1' standalone='yes' ?>

<jamoma version='0.4'
		xmlns:xsi='http://www.w3.org/2001/XMLSchema-instance'
		xsi:schemaLocation='http://jamoma.org/ file:jamoma.xsd'
>
  <preset number='1' name='default'>
    <item name='clock/interval' type='integer' priority='0' mixweight='1'>11</item>
    <item name='clock/on/off' type='boolean' priority='0' mixweight='1'>0</item>
    <item name='clock/stepsize' type='decimal' priority='0' mixweight='1'>0.140000</item>
    <item name='movment' type='integer' priority='0' mixweight='1'>5</item>
    <item name='point' type='integer' priority='0' mixweight='1'>1</item>
    <item name='trajectory/interpolation' type='integer' priority='0' mixweight='1'>1</item>
    <item name='trajectory/method' type='integer' priority='0' mixweight='1'>1</item>
    <item name='trajectory/recall' type='integer' priority='0' mixweight='1'>0</item>
    <item name='trajectory/record' type='boolean' priority='0' mixweight='1'>0</item>
    <item name='trajectory/remove' type='integer' priority='0' mixweight='1'>0</item>
    <item name='view/color/border' type='array' priority='0' mixweight='1'>0</item>
    <item name='view/color/contentBackground' type='array' priority='0' mixweight='1'>0</item>
    <item name='view/color/toolbarBackground' type='array' priority='0' mixweight='1'>0</item>
    <item name='view/color/toolbarText' type='array' priority='0' mixweight='1'>0</item>
    <item name='view/freeze' type='boolean' priority='0' mixweight='1'>0</item>
    <item name='view/size' type='array' priority='0'>300 70 </item>
    <item name='volume/color/blue' type='decimal' priority='0' mixweight='1'>1.000000</item>
    <item name='volume/color/green' type='decimal' priority='0' mixweight='1'>1.000000</item>
    <item name='volume/color/red' type='decimal' priority='0' mixweight='1'>1.000000</item>
    <item name='volume/show' type='boolean' priority='0' mixweight='1'>1</item>
    <item name='volume/size/x' type='decimal' priority='0' mixweight='1'>0.000000</item>
    <item name='volume/size/y' type='decimal' priority='0' mixweight='1'>0.000000</item>
    <item name='volume/size/z' type='decimal' priority='0' mixweight='1'>0.000000</item>
    <item name='volume/type' type='integer' priority='0' mixweight='1'>0</item>
  </preset>
</jamoma>
