<?xml version='1.0' encoding='iso-8859-1' standalone='yes' ?>

<jamoma version='0.4'
		xmlns:xsi='http://www.w3.org/2001/XMLSchema-instance'
		xsi:schemaLocation='http://jamoma.org/ file:jamoma.xsd'
>
  <preset number='1' name='default'>
    <item name='source.1/gain' type='decimal' priority='0'>0.000000</item>
    <item name='source.2/gain' type='decimal' priority='0'>0.000000</item>
    <item name='source.3/gain' type='decimal' priority='0'>0.000000</item>
    <item name='source.4/gain' type='decimal' priority='0'>0.000000</item>
    <item name='source.5/gain' type='decimal' priority='0'>0.000000</item>
    <item name='source.6/gain' type='decimal' priority='0'>0.000000</item>
    <item name='source.7/gain' type='decimal' priority='0'>0.000000</item>
    <item name='source.8/gain' type='decimal' priority='0'>0.000000</item>
    <item name='numSources' type='integer' priority='0'>0</item>
    <item name='source.1/algorithm' type='string' priority='0'>none</item>
    <item name='source.1/name' type='string' priority='0'>S1</item>
    <item name='source.1/position' type='array' priority='0'>-10.000000 -0.104167 0.000000 </item>
    <item name='source.1/reverb/gain' type='decimal' priority='0'>0.000000</item>
    <item name='source.1/solo' type='boolean' priority='0'>0</item>
    <item name='source.2/algorithm' type='string' priority='0'>none</item>
    <item name='source.2/name' type='string' priority='0'>S2</item>
    <item name='source.2/position' type='array' priority='0'>-6.77 0.000000 0.000000 </item>
    <item name='source.2/reverb/gain' type='decimal' priority='0'>0.000000</item>
    <item name='source.2/solo' type='boolean' priority='0'>0</item>
    <item name='source.3/algorithm' type='string' priority='0'>none</item>
    <item name='source.3/name' type='string' priority='0'>S3</item>
    <item name='source.3/position' type='array' priority='0'>-3.33 0.000000 0.000000 </item>
    <item name='source.3/reverb/gain' type='decimal' priority='0'>0.000000</item>
    <item name='source.3/solo' type='boolean' priority='0'>0</item>
    <item name='source.4/algorithm' type='string' priority='0'>none</item>
    <item name='source.4/name' type='string' priority='0'>S4</item>
    <item name='source.4/position' type='array' priority='0'>-0.000000 0.000000 0.000000 </item>
    <item name='source.4/reverb/gain' type='decimal' priority='0'>0.000000</item>
    <item name='source.4/solo' type='boolean' priority='0'>0</item>
    <item name='source.5/algorithm' type='string' priority='0'>none</item>
    <item name='source.5/name' type='string' priority='0'>S5</item>
    <item name='source.5/position' type='array' priority='0'>2.500000 0.000000 0.000000 </item>
    <item name='source.5/reverb/gain' type='decimal' priority='0'>0.000000</item>
    <item name='source.5/solo' type='boolean' priority='0'>0</item>
    <item name='source.6/algorithm' type='string' priority='0'>none</item>
    <item name='source.6/name' type='string' priority='0'>S6</item>
    <item name='source.6/position' type='array' priority='0'>5.4 0.000000 0.000000 </item>
    <item name='source.6/reverb/gain' type='decimal' priority='0'>0.000000</item>
    <item name='source.6/solo' type='boolean' priority='0'>0</item>
    <item name='source.7/algorithm' type='string' priority='0'>none</item>
    <item name='source.7/name' type='string' priority='0'>S7</item>
    <item name='source.7/position' type='array' priority='0'>7.6 0.000000 0.000000 </item>
    <item name='source.7/reverb/gain' type='decimal' priority='0'>0.000000</item>
    <item name='source.7/solo' type='boolean' priority='0'>0</item>
    <item name='source.8/algorithm' type='string' priority='0'>none</item>
    <item name='source.8/name' type='string' priority='0'>S8</item>
    <item name='source.8/position' type='array' priority='0'>10.000000 0.104167 0.000000 </item>
    <item name='source.8/reverb/gain' type='decimal' priority='0'>0.000000</item>
    <item name='source.8/solo' type='boolean' priority='0'>0</item>
    <item name='view/radius' type='decimal' priority='0'>10.000000</item>
    <item name='view/size' type='array' priority='0'>600 210 </item>
  </preset>
</jamoma>
