{
	"patcher" : 	{
		"fileversion" : 1,
		"rect" : [ 196.0, 202.0, 640.0, 480.0 ],
		"bglocked" : 0,
		"defrect" : [ 196.0, 202.0, 640.0, 480.0 ],
		"openrect" : [ 0.0, 0.0, 0.0, 0.0 ],
		"openinpresentation" : 0,
		"default_fontsize" : 10.0,
		"default_fontface" : 0,
		"default_fontname" : "Arial",
		"gridonopen" : 0,
		"gridsize" : [ 15.0, 15.0 ],
		"gridsnaponopen" : 0,
		"toolbarvisible" : 1,
		"boxanimatetime" : 200,
		"imprint" : 0,
		"title" : "jamoma.palette",
		"metadata" : [  ],
		"boxes" : [ 			{
				"box" : 				{
					"maxclass" : "fpic",
					"autofit" : 1,
					"numinlets" : 1,
					"patching_rect" : [ 234.0, 139.0, 48.0, 48.0 ],
					"id" : "jcomui-1",
					"numoutlets" : 0,
					"pic" : "jcom.ui.svg",
					"instance_attributes" : 					{
						"palette_order" : "first",
						"palette_numerical_order" : 1,
						"palette_category" : ["Basic", "Interface", "Jamoma"],
						"palette_caption" : "jcom.ui",
						"palette_action" : "jcom.ui"
					}

				}

			}
,
						{
				"box" : 				{
					"maxclass" : "fpic",
					"autofit" : 1,
					"numinlets" : 1,
					"patching_rect" : [ 234.0, 139.0, 48.0, 48.0 ],
					"id" : "jcomspatDisplay-1",
					"numoutlets" : 0,
					"pic" : "jcom.spatDisplay.svg",
					"instance_attributes" : 					{
						"palette_order" : "third",
						"palette_numerical_order" : 3,
						"palette_category" : ["Interface", "Jamoma"],
						"palette_caption" : "jcom.spatDisplay",
						"palette_action" : "jcom.spatDisplay"
					}

				}

			}
,                                            {
				"box" : 				{
					"maxclass" : "fpic",
					"autofit" : 1,
					"numinlets" : 1,
					"patching_rect" : [ 234.0, 139.0, 48.0, 48.0 ],
					"id" : "jcomlabel-1",
					"numoutlets" : 0,
					"pic" : "jcom.label.svg",
					"instance_attributes" : 					{
						"palette_order" : "second",
						"palette_numerical_order" : 2,
						"palette_category" : ["Basic", "Interface", "Jamoma"],
						"palette_caption" : "jcom.label",
						"palette_action" : "jcom.label"
					}

				}

			}
 ],
		"lines" : [  ]
	}

}
