<?xml version='1.0' encoding='iso-8859-1' standalone='yes' ?>

<jamoma version='0.4'
		xmlns:xsi='http://www.w3.org/2001/XMLSchema-instance'
		xsi:schemaLocation='http://jamoma.org/ file:jamoma.xsd'
>
  <preset number='1' name='default'>
    <item name='offset' type='integer' priority='1'>0</item>
    <item name='source.1/blur' type='decimal' priority='0'>0.000000</item>
    <item name='source.1/position' type='array' priority='0'>0.000000 0.000000 0.000000 </item>
    <item name='source.2/blur' type='decimal' priority='0'>0.000000</item>
    <item name='source.2/position' type='array' priority='0'>0.000000 0.000000 0.000000 </item>
    <item name='source.3/blur' type='decimal' priority='0'>0.000000</item>
    <item name='source.3/position' type='array' priority='0'>0.000000 0.000000 0.000000 </item>
    <item name='source.4/blur' type='decimal' priority='0'>0.000000</item>
    <item name='source.4/position' type='array' priority='0'>0.000000 0.000000 0.000000 </item>
    <item name='source.5/blur' type='decimal' priority='0'>0.000000</item>
    <item name='source.5/position' type='array' priority='0'>0.000000 0.000000 0.000000 </item>
    <item name='source.6/blur' type='decimal' priority='0'>0.000000</item>
    <item name='source.6/position' type='array' priority='0'>0.000000 0.000000 0.000000 </item>
    <item name='source.7/blur' type='decimal' priority='0'>0.000000</item>
    <item name='source.7/position' type='array' priority='0'>0.000000 0.000000 0.000000 </item>
    <item name='source.8/blur' type='decimal' priority='0'>0.000000</item>
    <item name='source.8/position' type='array' priority='0'>0.000000 0.000000 0.000000 </item>
    <item name='view/freeze' type='boolean' priority='0'>0</item>

  </preset>
</jamoma>
