<?xml version="1.0" encoding="iso-8859-1" standalone="yes"?>

<jamoma version="0.4" 
	xmlns:xsi="http://www.w3.org/2001/XMLSchema-instance"
	xsi:schemaLocation="http://jamoma.org/ file:jamoma.xsd"
>
	
	<preset number="1" name="default">
		<item name="video/preview" type="integer">0</item>
		<item name="video/bypass" type="integer">0</item>
		<item name="video/freeze" type="integer">0</item>
		<item name="video/mute" type="integer">0</item>
		<item name="brightness" type="decimal">1.</item>
		<item name="contrast" type="decimal">1.</item>
		<item name="saturation" type="decimal">1.</item>
		<item name="monochrome" type="integer">0</item>
    </preset>
</jamoma>
