<?xml version='1.0' encoding='iso-8859-1' standalone='yes' ?>

<jamoma version='0.4'
		xmlns:xsi='http://www.w3.org/2001/XMLSchema-instance'
		xsi:schemaLocation='http://jamoma.org/ file:jamoma.xsd'
>
  <preset number='1' name='default'>
    <item name='audio/active' type='boolean' priority='0'>0</item>
    <item name='audio/gain' type='decimal' priority='0'>0.000000</item>
    <item name='balance' type='decimal' priority='0'>0.000000</item>
    <item name='ch.1' type='integer' priority='0'>1</item>
    <item name='ch.2' type='integer' priority='0'>2</item>
    <item name='clicktrain/rate' type='decimal' priority='0'>1.000001</item>
    <item name='soundfile/loop' type='boolean' priority='0'>1</item>
    <item name='soundfile/play' type='boolean' priority='0'>0</item>
		<item name='soundfile/transpose' type='decimal' priority='0'>0.000000</item>
    <item name='source' type='string' priority='0'>soundfile</item>
    <item name='testtone/frequency' type='integer' priority='0'>1000</item>
    <item name='view/freeze' type='boolean' priority='0'>0</item>
  </preset>
</jamoma>
