<?xml version='1.0' encoding='iso-8859-1' standalone='yes' ?>

<jamoma version='0.4'
		xmlns:xsi='http://www.w3.org/2001/XMLSchema-instance'
		xsi:schemaLocation='http://jamoma.org/ file:jamoma.xsd'
>
  <preset number='1' name='default'>
    <item name='depth' type='integer' priority='6'>1</item>
    <item name='folder' type='string' priority='0'>0</item>
    <item name='type' type='string' priority='4'>all</item>
    <item name='view/freeze' type='boolean' priority='0'>0</item>
  </preset>
</jamoma>
