<?xml version='1.0' encoding='iso-8859-1' standalone='yes' ?>

<jamoma version='0.4'
		xmlns:xsi='http://www.w3.org/2001/XMLSchema-instance'
		xsi:schemaLocation='http://jamoma.org/ file:jamoma.xsd'
>
  <preset number='1' name='default'>
    <item name='audio/gain' type='decimal' priority='0' mixweight='1'>100.000000</item>
    <item name='audio/mute' type='boolean' priority='0' mixweight='1'>0</item>
    <item name='grains/on' type='boolean' priority='2' mixweight='1'>0</item>
    <item name='ola/interpolate' type='decimal' priority='1' mixweight='1'>1.000000</item>
    <item name='samples/load/collection/filepath' type='string' priority='0' mixweight='1'>nil</item>
    <item name='samples/load/mode' type='integer' priority='0' mixweight='1'>0</item>
    <item name='samples/save/collection' type='string' priority='0' mixweight='1'>0</item>
    <item name='source/interpolate' type='decimal' priority='1' mixweight='1'>1.000000</item>
    <item name='view/color/border' type='array' priority='0' mixweight='1'>0</item>
    <item name='view/color/contentBackground' type='array' priority='0' mixweight='1'>0</item>
    <item name='view/color/toolbarBackground' type='array' priority='0' mixweight='1'>0</item>
    <item name='view/color/toolbarText' type='array' priority='0' mixweight='1'>0</item>
    <item name='view/freeze' type='boolean' priority='0' mixweight='1'>0</item>
    <item name='view/size' type='array' priority='0'>300 70 </item>
  </preset>
</jamoma>
