<?xml version='1.0' encoding='iso-8859-1' standalone='yes' ?>

<jamoma version='0.4'
		xmlns:xsi='http://www.w3.org/2001/XMLSchema-instance'
		xsi:schemaLocation='http://jamoma.org/ file:jamoma.xsd'
>
  <preset number='1' name='720x576 (DV PAL)'>
    <item name='colormode' type='string' priority='0'>argb</item>
    <item name='deinterlace' type='boolean' priority='0'>1</item>
    <item name='dim' type='array' priority='0'>720 576 </item>
    <item name='highquality' type='boolean' priority='0'>1</item>
    <item name='singlefield' type='boolean' priority='0'>1</item>
    <item name='unique' type='boolean' priority='0'>0</item>
  </preset>
</jamoma>
