<?xml version='1.0' encoding='iso-8859-1' standalone='yes' ?>

<jamoma version='0.4'
		xmlns:xsi='http://www.w3.org/2001/XMLSchema-instance'
		xsi:schemaLocation='http://jamoma.org/ file:jamoma.xsd'
>
  <preset number='1' name='default'>
    <item name='addnotes' type='integer' priority='0'>0</item>
    <item name='dynamic' type='integer' priority='0'>0</item>
    <item name='mode' type='integer' priority='0'>1</item>
    <item name='mode' type='integer' priority='0'>1</item>
    <item name='notechord' type='integer' priority='0'>1</item>
    <item name='notescale' type='integer' priority='0'>0</item>
    <item name='octav' type='integer' priority='0'>-3</item>
    <item name='random' type='integer' priority='0'>0</item>
    <item name='rootnote' type='integer' priority='0'>1</item>
    <item name='spread' type='integer' priority='0'>0</item>
    <item name='view/color/border' type='array' priority='0'>0</item>
    <item name='view/color/contentBackground' type='array' priority='0'>0</item>
    <item name='view/color/toolbarBackground' type='array' priority='0'>0</item>
    <item name='view/color/toolbarText' type='array' priority='0'>0</item>
    <item name='view/freeze' type='boolean' priority='0'>0</item>
    <item name='view/size' type='array' priority='0'>300 70 </item>
  </preset>
</jamoma>
