<?xml version='1.0' encoding='iso-8859-1' standalone='yes' ?>

<jamoma version='0.4'
		xmlns:xsi='http://www.w3.org/2001/XMLSchema-instance'
		xsi:schemaLocation='http://jamoma.org/ file:jamoma.xsd'
>
  <preset number='1' name='default'>
    <item name='video/preview' type='boolean'>0</item>
    <item name='video/mute' type='boolean'>0</item>
    <item name='video/freeze' type='boolean'>0</item>
    <item name='video/bypass' type='boolean'>0</item>
    <item name='tolerance' type='decimal'>0</item>
    <item name='target' type='integer'>2</item>
    <item name='mode' type='boolean'>0</item>
    <item name='mask' type='integer'>3</item>
    <item name='key' type='integer'>1</item>
    <item name='key/red' type='decimal'>0</item>
    <item name='key/green' type='decimal'>0</item>
    <item name='key/blue' type='decimal'>0</item>
  </preset>
</jamoma>
