<?xml version="1.0" encoding="utf-8" standalone="yes"?>
<?xml-stylesheet href="./_jdoc_ref.xsl" type="text/xsl"?>
<root>
  <refpage name='jcom.dbap.maxref.xml'/>
  <refpage name='jcom.delta.maxref.xml'/>
  <refpage name='jcom.hub.maxref.xml'/>
  <refpage name='jcom.init.maxref.xml'/>
  <refpage name='jcom.map.maxref.xml'/>
  <refpage name='jcom.message.maxref.xml'/>
  <refpage name='jcom.meter~.maxref.xml'/>
  <refpage name='jcom.oscinstance.maxref.xml'/>
  <refpage name='jcom.oscroute.maxref.xml'/>
  <refpage name='jcom.parameter.maxref.xml'/>
  <refpage name='jcom.pass.maxref.xml'/>
  <refpage name='jcom.return.maxref.xml'/>
  <refpage name='jcom.stats.maxref.xml'/>
  <refpage name='jcom.absdiff.maxref.xml'/>
  <refpage name='jcom.ambimonitor2position.maxref.xml'/>
  <refpage name='jcom.initialized.maxref.xml'/>
  <refpage name='jcom.instance2instance.maxref.xml'/>
  <refpage name='jcom.position2ambimonitor.maxref.xml'/>
</root>