<?xml version="1.0" encoding="utf-8" standalone="yes"?>
<?xml-stylesheet href="./_jdoc_ref.xsl" type="text/xsl"?>
<c74object category='instance number, osc' name='jcom.oscinstance' module='Jamoma'>
  <digest>
    Retrieve instance number or ID from incomming OSC messages
  </digest>
  <!--DESCRIPTION-->
  <description>
    <jcom>jcom.oscinstance</jcom> retrieves instance number or ID from incomming OSC
    messages. 
  </description>
  <metadatalist>
    <metadata name='author'>
      Jamoma
    </metadata>
    <metadata name='author'>
      Julien Rabin
    </metadata>
    <metadata name='tag'>
      instance number
    </metadata>
    <metadata name='tag'>
      osc
    </metadata>
  </metadatalist>
  <!--INLETS-->
  <inletlist/>
  <!--OUTLETS-->
  <outletlist/>
  <!--ATTRIBUTES-->
  <attributelist/>
  <!--MESSAGES-->
  <methodlist>
    <method name='OSC-message'>
      <digest>
        Any OSC message containing an instance identifier (i.e a dot followed by
        an integer or symbol) in its first branch will be split amongst the
        first 3 according outlets.
      </digest>
      <description>
        Any OSC message containing an instance identifier (i.e a dot followed by
        an integer or symbol) in its first branch will be split amongst the
        first 3 according outlets.
      </description>
    </method>
    <method name='anything'>
      <digest>
        Messages composed of an integer, a decimal, a string not formated as an
        OSC message or any OSC address not containing an instance identifier in
        its first branch is passed to the rightmost output.
      </digest>
      <description>
        Messages composed of an integer, a decimal, a string not formated as an
        OSC message or any OSC address not containing an instance identifier in
        its first branch is passed to the rightmost output.
      </description>
    </method>
  </methodlist>
  <!--ARGUMENTS-->
  <objarglist/>
  <!--EXAMPLE-->
  <examplelist>
    <example img='jcom.oscinstance.maxref.png'/>
  </examplelist>
  <!--SEE ALSO-->
  <seealsolist>
    <seealso name='jcom.oscroute'/>
    <seealso name='jcom.pass'/>
    <seealso name='jcom.instance2instance'/>
  </seealsolist>
  <discussion>
    _
  </discussion>
  <!--MISC-->
  <misc name='Output'>
    <entry name='1'>
      <description>
        OSC instance number or ID
      </description>
    </entry>
    <entry name='2'>
      <description>
        The arguments of the incomming OSC message
      </description>
    </entry>
    <entry name='3'>
      <description>
        dumpout/overflow from non-matching input
      </description>
    </entry>
  </misc>
</c74object>