<?xml version="1.0" encoding="utf-8" standalone="yes"?>
<?xml-stylesheet href="./_jdoc_ref.xsl" type="text/xsl"?>
<c74object category='stats, max' name='jcom.stats' module='Jamoma'>
  <digest>
    calculate statistics on running data
  </digest>
  <!--DESCRIPTION-->
  <description>
    Use <jcom>jcom.stats</jcom> to calculate mean value, minimum value, maximum value, and
    standard deviation of a message stream 
  </description>
  <metadatalist>
    <metadata name='author'>
      Jamoma
    </metadata>
    <metadata name='tag'>
      stats
    </metadata>
    <metadata name='tag'>
      max
    </metadata>
  </metadatalist>
  <!--INLETS-->
  <inletlist>
    <inlet id='0' type='float/int'>
      <digest>
        message stream
      </digest>
      <desc>
        message stream
      </desc>
    </inlet>
  </inletlist>
  <!--OUTLETS-->
  <outletlist>
    <outlet id='0' type='int'>
      <digest>
        count
      </digest>
      <desc>
        count
      </desc>
    </outlet>
    <outlet id='1' type='float'>
      <digest>
        minimum value
      </digest>
      <desc>
        minimum value
      </desc>
    </outlet>
    <outlet id='2' type='float'>
      <digest>
        maximum value
      </digest>
      <desc>
        maximum value
      </desc>
    </outlet>
    <outlet id='3' type='float'>
      <digest>
        mean value
      </digest>
      <desc>
        mean value
      </desc>
    </outlet>
    <outlet id='4' type='float'>
      <digest>
        standard deviation
      </digest>
      <desc>
        standard deviation
      </desc>
    </outlet>
    <outlet id='5' type='float'>
      <digest>
        dumpout
      </digest>
      <desc>
        dumpout
      </desc>
    </outlet>
  </outletlist>
  <!--ATTRIBUTES-->
  <attributelist>
    <attribute type='boolean' name='windowed' get='1' size='1' set='1'>
      <digest>
        flag indicating if calculation history is windowed or infinite
      </digest>
      <description>
        flag indicating if calculation history is windowed or infinite
      </description>
    </attribute>
  </attributelist>
  <!--MESSAGES-->
  <methodlist>
    <method name='window_size'>
      <digest>
        how many recent messages are considered to compute the statistics
      </digest>
      <description>
        how many recent messages are considered to compute the statistics
      </description>
    </method>
    <method name='clear'>
      <digest>
        clears out the internal history
      </digest>
      <description>
        clears out the internal history
      </description>
    </method>
    <method name='bang'>
      <digest>
        generates output without any new input data
      </digest>
      <description>
        generates output without any new input data
      </description>
    </method>
    <method name='set'>
      <digest>
        add new value to stream but do not output
      </digest>
      <description>
        add new value to stream but do not output
      </description>
    </method>
  </methodlist>
  <!--ARGUMENTS-->
  <objarglist>
    <objarg type='int' name='max-window-size' optional='1'>
      <digest>
        Sets the windows size limit (default = 500)
      </digest>
      <description>
        Sets the windows size limit (default = 500)
      </description>
    </objarg>
    <objarg type='int' name='current-window-size' optional='1'>
      <digest>
        Sets the current window size (default = max-window-size)
      </digest>
      <description>
        Sets the current window size (default = max-window-size)
      </description>
    </objarg>
  </objarglist>
  <!--EXAMPLE-->
  <examplelist>
    <example img='jcom.stats.maxref.png'/>
  </examplelist>
  <!--SEE ALSO-->
  <seealsolist>
    <seealso name='jcom.average~'/>
  </seealsolist>
  <discussion>
    Jamoma is a free and open source project. http://www.jamoma.org
  </discussion>
  <!--MISC-->
  <misc name='Output'>
    <entry name='int'>
      <description>
        The scaled value of the input integer number.
      </description>
    </entry>
    <entry name='float'>
      <description>
        The scaled value of the input floating point number.
      </description>
    </entry>
    <entry name='list'>
      <description>
        The scaled values when the input is a list of numbers.
      </description>
    </entry>
  </misc>
</c74object>