<?xml version="1.0" encoding="utf-8" standalone="yes"?>
<?xml-stylesheet href="./_jdoc_ref.xsl" type="text/xsl"?>
<c74object category='mapping, max, spatialization, spatdif' name='jcom.position2ambimonitor' module='Jamoma'>
  <digest>
    Translate position description from Jamoma OSC position to ambimonitor
  </digest>
  <!--DESCRIPTION-->
  <description>
    use <jcom>jcom.position2ambimonitor</jcom> to parse Jamoma&apos;s position description to
    ICST ambimonitor. It understands &apos;/prefix.N/position&apos; and
    &apos;/prefix.N/orientation&apos;. 
  </description>
  <metadatalist>
    <metadata name='author'>
      Jamoma
    </metadata>
    <metadata name='tag'>
      mapping
    </metadata>
    <metadata name='tag'>
      max
    </metadata>
    <metadata name='tag'>
      spatialization
    </metadata>
    <metadata name='tag'>
      spatdif
    </metadata>
  </metadatalist>
  <!--INLETS-->
  <inletlist>
    <inlet id='0' type='OSC-message'>
      <digest>
        Jamoma&apos;s OSC-messages.
      </digest>
      <desc>
        Jamoma&apos;s OSC-messages.
      </desc>
    </inlet>
  </inletlist>
  <!--OUTLETS-->
  <outletlist>
    <outlet id='0' type='message'>
      <digest>
        A message that the ambimonitor recognizes.
      </digest>
      <desc>
        A message that the ambimonitor recognizes.
      </desc>
    </outlet>
  </outletlist>
  <!--ATTRIBUTES-->
  <attributelist>
    <attribute type='string' name='prefix' get='1' size='1' set='1'>
      <digest>
        The osc class name (e.g. &apos;source&apos; when the osc message is
        &apos;/source.1/position 1 2 3&apos;).
      </digest>
      <description>
        The osc class name (e.g. &apos;source&apos; when the osc message is
        &apos;/source.1/position 1 2 3&apos;).
      </description>
    </attribute>
    <attribute type='float' name='radius' get='1' size='1' set='1'>
      <digest>
        The maximum distance displayed in the ambimonitor. (default 1.0)
      </digest>
      <description>
        The maximum distance displayed in the ambimonitor. (default 1.0)
      </description>
    </attribute>
    <attribute type='int' name='offset' get='1' size='1' set='1'>
      <digest>
        Offset added to incomming instance number N. (default 0)
      </digest>
      <description>
        Offset added to incomming instance number N. (default 0)
      </description>
    </attribute>
  </attributelist>
  <!--MESSAGES-->
  <methodlist/>
  <!--ARGUMENTS-->
  <objarglist/>
  <!--EXAMPLE-->
  <examplelist>
    <example img='jcom.position2ambimonitor.maxref.png'/>
  </examplelist>
  <!--SEE ALSO-->
  <seealsolist>
    <seealso name='jcom.ambimonitor2position'/>
    <seealso name='jcom.instance2instance'/>
  </seealsolist>
  <discussion>
    Jamoma is a free and open source project. http://www.jamoma.org. The
    ambimonitor is made by http://www.icst.net.
  </discussion>
  <!--MISC-->
  <misc name='Output'>
    <entry name='list'>
      <description>
        A message that the ambimonitor recognizes.
      </description>
    </entry>
  </misc>
</c74object>