<?xml version="1.0" encoding="utf-8" standalone="yes"?>
<?xml-stylesheet href="./_jdoc_ref.xsl" type="text/xsl"?>
<c74object category='display, dB, gui, envelope' name='jcom.meter~' module='Jamoma'>
  <digest>
    Logarithmic GUI level meter
  </digest>
  <!--DESCRIPTION-->
  <description>
    <jcom>jcom.meter~</jcom> is a GUI object used in modules to display audio signal level on
    a logarithmic scale. 
  </description>
  <metadatalist>
    <metadata name='author'>
      Jamoma
    </metadata>
    <metadata name='author'>
      Julien Rabin
    </metadata>
    <metadata name='tag'>
      display
    </metadata>
    <metadata name='tag'>
      dB
    </metadata>
    <metadata name='tag'>
      gui
    </metadata>
    <metadata name='tag'>
      envelope
    </metadata>
  </metadatalist>
  <!--INLETS-->
  <inletlist/>
  <!--OUTLETS-->
  <outletlist/>
  <!--ATTRIBUTES-->
  <attributelist/>
  <!--MESSAGES-->
  <methodlist>
    <method name='bang'>
      <digest>
        A <m>bang</m> message sent at the input clears peak indication.
      </digest>
      <description>
        A <m>bang</m> message sent at the input clears peak indication.
      </description>
    </method>
    <method name='int'>
      <digest>
        An integer sent at the input is converted to float.
      </digest>
      <description>
        An integer sent at the input is converted to float.
      </description>
    </method>
    <method name='float'>
      <digest>
        A decimal value sent at the input sets the meter displayed value.
      </digest>
      <description>
        A decimal value sent at the input sets the meter displayed value.
      </description>
    </method>
    <method name='signal'>
      <digest>
        The peak amplitude of the incoming signal is displayed by the on-screen
        level meter according to a logartihmic scale.
      </digest>
      <description>
        The peak amplitude of the incoming signal is displayed by the on-screen
        level meter according to a logartihmic scale.
      </description>
    </method>
  </methodlist>
  <!--ARGUMENTS-->
  <objarglist/>
  <!--EXAMPLE-->
  <!--SEE ALSO-->
  <seealsolist>
    <seealso name='meter~'/>
    <seealso name='levelmeter~'/>
  </seealsolist>
  <discussion>
    Jamoma is a free and open source project. http://www.jamoma.org
  </discussion>
  <!--MISC-->
  <misc name='Output'>
    <entry name='visual'>
      <description>
        Level and peak indication of incoming signal is visualized on a
        logarithmic scale.
      </description>
    </entry>
  </misc>
</c74object>