<?xml version="1.0" encoding="utf-8" standalone="yes"?>
<?xml-stylesheet href="./_jdoc_ref.xsl" type="text/xsl"?>
<c74object category='operator, difference' name='jcom.absdiff' module='Jamoma'>
  <digest>
    Calculate the absolute difference between two numbers.
  </digest>
  <!--DESCRIPTION-->
  <description>
    <jcom>jcom.absdiff</jcom> calculates the absolute difference between whatever numbers
    coming in each of its inlets. 
  </description>
  <metadatalist>
    <metadata name='author'>
      Jamoma
    </metadata>
    <metadata name='author'>
      Julien Rabin
    </metadata>
    <metadata name='tag'>
      operator
    </metadata>
    <metadata name='tag'>
      difference
    </metadata>
  </metadatalist>
  <!--INLETS-->
  <inletlist/>
  <!--OUTLETS-->
  <outletlist/>
  <!--ATTRIBUTES-->
  <attributelist/>
  <!--MESSAGES-->
  <methodlist>
    <method name='number'>
      <digest>
        Integers received in any of the inlets are converted to decimals.
      </digest>
      <description>
        Integers received in any of the inlets are converted to decimals.
      </description>
    </method>
    <method name='decimal'>
      <digest>
        A number sent to one inlet triggers the calculation of the absolute
        difference with the number sent to the other inlet. Note that BOTH
        inlets are <i>hot</i>.
      </digest>
      <description>
        A number sent to one inlet triggers the calculation of the absolute
        difference with the number sent to the other inlet. Note that BOTH
        inlets are <i>hot</i>.
      </description>
    </method>
    <method name='bang'>
      <digest>
        A bang sent to the first inlet recalculate the absolute difference and
        makes the result output out of the object.
      </digest>
      <description>
        A bang sent to the first inlet recalculate the absolute difference and
        makes the result output out of the object.
      </description>
    </method>
    <method name='set'>
      <digest>
        The message <m>set</m> in the first inlet sets the number to be used for
        absolute difference but does not cause the <jcom>jcom.absdiff</jcom> to output the
        result.
      </digest>
      <description>
        The message <m>set</m> in the first inlet sets the number to be used for
        absolute difference but does not cause the <jcom>jcom.absdiff</jcom> to output the
        result.
      </description>
    </method>
  </methodlist>
  <!--ARGUMENTS-->
  <objarglist/>
  <!--EXAMPLE-->
  <examplelist>
    <example img='jcom.absdiff.maxref.png'/>
  </examplelist>
  <!--SEE ALSO-->
  <seealsolist>
    <seealso name='jcom.op!'/>
    <seealso name='abs'/>
    <seealso name='expr'/>
  </seealsolist>
  <discussion>
    _
  </discussion>
  <!--MISC-->
  <misc name='Output'>
    <entry name='1'>
      <description>
        The absolute difference between the two numbers received at the inputs.
      </description>
    </entry>
  </misc>
</c74object>