<?xml version="1.0" encoding="utf-8" standalone="yes"?>
<?xml-stylesheet href="./_jdoc_ref.xsl" type="text/xsl"?>
<c74object category='mapping, max, spatialization, spatdif' name='jcom.ambimonitor2position' module='Jamoma'>
  <digest>
    Translate ambimonitor messages to Jamoma&apos;s position osc-messages
  </digest>
  <!--DESCRIPTION-->
  <description>
    use <jcom>jcom.ambimonitor2position</jcom> to parse ICST ambimonitor descriptions to
    Jamoma&apos;s position description. It returns the messages
    &apos;/prefix.N/position&apos; and &apos;/prefix.N/orientation&apos;. 
  </description>
  <metadatalist>
    <metadata name='author'>
      Jamoma
    </metadata>
    <metadata name='tag'>
      mapping
    </metadata>
    <metadata name='tag'>
      max
    </metadata>
    <metadata name='tag'>
      spatialization
    </metadata>
    <metadata name='tag'>
      spatdif
    </metadata>
  </metadatalist>
  <!--INLETS-->
  <inletlist>
    <inlet id='0' type='OSC-message'>
      <digest>
        A message that the ambimonitor recognizes.
      </digest>
      <desc>
        A message that the ambimonitor recognizes.
      </desc>
    </inlet>
  </inletlist>
  <!--OUTLETS-->
  <outletlist>
    <outlet id='0' type='OSC-message'>
      <digest>
        The Jamoma OSC-messages in form of &apos;/prefix.N/position&apos; and
        &apos;/prefix.N/orientation&apos;/.
      </digest>
      <desc>
        The Jamoma OSC-messages in form of &apos;/prefix.N/position&apos; and
        &apos;/prefix.N/orientation&apos;/.
      </desc>
    </outlet>
  </outletlist>
  <!--ATTRIBUTES-->
  <attributelist>
    <attribute type='string' name='prefix' get='1' size='1' set='1'>
      <digest>
        The osc class name (e.g. &apos;source&apos; when the osc message is
        &apos;/source.1/position 1 2 3&apos;) .
      </digest>
      <description>
        The osc class name (e.g. &apos;source&apos; when the osc message is
        &apos;/source.1/position 1 2 3&apos;) .
      </description>
    </attribute>
    <attribute type='float' name='radius' get='1' size='1' set='1'>
      <digest>
        The maximum distance displayed in the ambimonitor. (default 1.0)
      </digest>
      <description>
        The maximum distance displayed in the ambimonitor. (default 1.0)
      </description>
    </attribute>
    <attribute type='int' name='offset' get='1' size='1' set='1'>
      <digest>
        Offset added to incomming instance number N. (default 0)
      </digest>
      <description>
        Offset added to incomming instance number N. (default 0)
      </description>
    </attribute>
    <attribute type='boolean' name='orientation' get='1' size='1' set='1'>
      <digest>
        Enables/disables returning of orientation messages. (default 0)
      </digest>
      <description>
        Enables/disables returning of orientation messages. (default 0)
      </description>
    </attribute>
  </attributelist>
  <!--MESSAGES-->
  <methodlist>
    <method name='aed'>
      <digest>
        Ambimonitor position messages in spherical coordinates.
      </digest>
      <description>
        Ambimonitor position messages in spherical coordinates.
      </description>
    </method>
    <method name='xyz'>
      <digest>
        Ambimonitor position messages in cartesian coordinates.
      </digest>
      <description>
        Ambimonitor position messages in cartesian coordinates.
      </description>
    </method>
  </methodlist>
  <!--ARGUMENTS-->
  <objarglist/>
  <!--EXAMPLE-->
  <examplelist>
    <example img='jcom.ambimonitor2position.maxref.png'/>
  </examplelist>
  <!--SEE ALSO-->
  <seealsolist>
    <seealso name='jcom.position2ambimonitor'/>
    <seealso name='jcom.spatdif2ambimonitor'/>
    <seealso name='jcom.instance2instance'/>
  </seealsolist>
  <discussion>
    Jamoma is a free and open source project. http://www.jamoma.org. The
    ambimonitor is made by http://www.icst.net.
  </discussion>
  <!--MISC-->
  <misc name='Output'>
    <entry name='list'>
      <description>
        The Jamoma OSC-messages in form of &apos;/prefix.N/position&apos; and
        &apos;/prefix.N/orientation&apos;.
      </description>
    </entry>
  </misc>
</c74object>