<?xml version="1.0" encoding="utf-8" standalone="yes"?>
<?xml-stylesheet href="./_jdoc_ref.xsl" type="text/xsl"?>
<c74object category='mapping, conversion, ramp' name='jcom.delta' module='Jamoma'>
  <digest>
    Calculate difference, second order difference and velocity of incoming data
    stream.
  </digest>
  <!--DESCRIPTION-->
  <description>
    <jcom>jcom.delta</jcom> calculates difference, second order difference and velocity of
    incoming data stream. 
  </description>
  <metadatalist>
    <metadata name='author'>
      Jamoma
    </metadata>
    <metadata name='author'>
      Julien Rabin
    </metadata>
    <metadata name='tag'>
      mapping
    </metadata>
    <metadata name='tag'>
      conversion
    </metadata>
    <metadata name='tag'>
      ramp
    </metadata>
  </metadatalist>
  <!--INLETS-->
  <inletlist/>
  <!--OUTLETS-->
  <outletlist/>
  <!--ATTRIBUTES-->
  <attributelist/>
  <!--MESSAGES-->
  <methodlist>
    <method name='bang'>
      <digest>
        A <m>bang</m> sent at the input calculates and outputs difference, second
        order difference and velocity using currently stored values.
      </digest>
      <description>
        A <m>bang</m> sent at the input calculates and outputs difference, second
        order difference and velocity using currently stored values.
      </description>
    </method>
    <method name='int'>
      <digest>
        An integer sent at the input is converted to decimal value.
      </digest>
      <description>
        An integer sent at the input is converted to decimal value.
      </description>
    </method>
    <method name='float'>
      <digest>
        A decimal sent at the input is stored as the most recent value x[n] ,
        and difference, second order difference and velocity is calculated and
        output.
      </digest>
      <description>
        A decimal sent at the input is stored as the most recent value x[n] ,
        and difference, second order difference and velocity is calculated and
        output.
      </description>
    </method>
    <method name='clear'>
      <digest>
        The message <m>clear</m> sent at the input clears the history of previously
        received values. Next time a value is received, x[n-1] and x[n-2] are
        set equal to x[n].
      </digest>
      <description>
        The message <m>clear</m> sent at the input clears the history of previously
        received values. Next time a value is received, x[n-1] and x[n-2] are
        set equal to x[n].
      </description>
    </method>
    <method name='set'>
      <digest>
        The message <m>set</m> followed by a decimal sent at the input stores its
        value as the most recent (x[n]) without performing any calculation or
        producing any output.
      </digest>
      <description>
        The message <m>set</m> followed by a decimal sent at the input stores its
        value as the most recent (x[n]) without performing any calculation or
        producing any output.
      </description>
    </method>
  </methodlist>
  <!--ARGUMENTS-->
  <objarglist/>
  <!--EXAMPLE-->
  <examplelist>
    <example img='jcom.delta.maxref.png'/>
  </examplelist>
  <!--SEE ALSO-->
  <seealsolist>
    <seealso name='jcom.stats'/>
    <seealso name='expr'/>
  </seealsolist>
  <discussion>
    _
  </discussion>
  <!--MISC-->
  <misc name='Output'>
    <entry name='1'>
      <description>
        1st order difference. Δx = x[n]-x[n-1]
      </description>
    </entry>
    <entry name='2'>
      <description>
        2d order difference. Δ^2(x) = x[n]-2*x[n-1]+x[n-2]
      </description>
    </entry>
    <entry name='3'>
      <description>
        Velocity calculated from incoming stream of data as difference divided
        by delta time in milliseconds: velocity = 1000*Δx/Δt
      </description>
    </entry>
    <entry name='4'>
      <description>
        Dumpout
      </description>
    </entry>
  </misc>
</c74object>