<?xml version="1.0" encoding="utf-8" standalone="yes"?>
<?xml-stylesheet href="./_jdoc_ref.xsl" type="text/xsl"?>
<c74object category='mapping, max, OSC' name='jcom.instance2instance' module='Jamoma'>
  <digest>
    Convert an OSC instance into another
  </digest>
  <!--DESCRIPTION-->
  <description>
    use <jcom>jcom.instance2instance</jcom> to convert Jamoma osc messages with instance
    numbers to each other. 
  </description>
  <metadatalist>
    <metadata name='author'>
      Jamoma
    </metadata>
    <metadata name='tag'>
      mapping
    </metadata>
    <metadata name='tag'>
      max
    </metadata>
    <metadata name='tag'>
      OSC
    </metadata>
  </metadatalist>
  <!--INLETS-->
  <inletlist>
    <inlet id='0' type='OSC-message'>
      <digest>
        Jamoma&apos;s OSC-messages.
      </digest>
      <desc>
        Jamoma&apos;s OSC-messages.
      </desc>
    </inlet>
  </inletlist>
  <!--OUTLETS-->
  <outletlist>
    <outlet id='0' type='message'>
      <digest>
        The transformed osc message.
      </digest>
      <desc>
        The transformed osc message.
      </desc>
    </outlet>
    <outlet id='1' type='message'>
      <digest>
        Non-matching input messages.
      </digest>
      <desc>
        Non-matching input messages.
      </desc>
    </outlet>
  </outletlist>
  <!--ATTRIBUTES-->
  <attributelist>
    <attribute type='string' name='fromPrefix' get='1' size='1' set='1'>
      <digest>
        The osc class name from which to convert (e.g. &apos;source&apos; when
        the input osc message is &apos;/source.1/position 1 2 3&apos;).
      </digest>
      <description>
        The osc class name from which to convert (e.g. &apos;source&apos; when
        the input osc message is &apos;/source.1/position 1 2 3&apos;).
      </description>
    </attribute>
    <attribute type='string' name='toPrefix' get='1' size='1' set='1'>
      <digest>
        The osc class name to which to convert (e.g. &apos;sink&apos; when the
        desired osc message is &apos;/sink.1/position 1 2 3&apos;).
      </digest>
      <description>
        The osc class name to which to convert (e.g. &apos;sink&apos; when the
        desired osc message is &apos;/sink.1/position 1 2 3&apos;).
      </description>
    </attribute>
    <attribute type='int' name='offset' get='1' size='1' set='1'>
      <digest>
        Offset added to incomming instance number N. (default 0)
      </digest>
      <description>
        Offset added to incomming instance number N. (default 0)
      </description>
    </attribute>
  </attributelist>
  <!--MESSAGES-->
  <methodlist/>
  <!--ARGUMENTS-->
  <objarglist/>
  <!--EXAMPLE-->
  <examplelist>
    <example img='jcom.instance2instance.maxref.png'/>
  </examplelist>
  <!--SEE ALSO-->
  <seealsolist>
    <seealso name='jcom.ambimonitor2position'/>
    <seealso name='jcom.instance2instance'/>
    <seealso name='jcom.oscinstance'/>
  </seealsolist>
  <discussion>
    Jamoma is a free and open source project. http://www.jamoma.org.
  </discussion>
  <!--MISC-->
  <misc name='Output'>
    <entry name='list'>
      <description>
        osc messages.
      </description>
    </entry>
  </misc>
</c74object>