<?xml version="1.0" encoding="utf-8" standalone="yes"?>
<?xml-stylesheet href="./_jdoc_ref.xsl" type="text/xsl"?>
<c74object category='osc, routing' name='jcom.oscroute' module='Jamoma'>
  <digest>
    Route and split OSC messages
  </digest>
  <!--DESCRIPTION-->
  <description>
    <jcom>jcom.oscroute</jcom> routes OSC messages to dedicated outlets and removes the
    matched part of the OSC name. <jcom>jcom.oscroute</jcom> also has (limited) wildcard
    support. 
  </description>
  <metadatalist>
    <metadata name='author'>
      Jamoma
    </metadata>
    <metadata name='tag'>
      osc
    </metadata>
    <metadata name='tag'>
      routing
    </metadata>
  </metadatalist>
  <!--INLETS-->
  <inletlist/>
  <!--OUTLETS-->
  <outletlist/>
  <!--ATTRIBUTES-->
  <attributelist/>
  <!--MESSAGES-->
  <methodlist>
    <method name='OSC-message'>
      <digest>
        Any OSC message
      </digest>
      <description>
        Any OSC message
      </description>
    </method>
  </methodlist>
  <!--ARGUMENTS-->
  <objarglist>
    <objarg type='symbol' name='name' optional='1'>
      <digest>
        name of the OSC message routed to the Nth outlet. If no argument is
        provided, a second inlet will be created. You can then send an OSC
        string to this second inlet to set the pattern to match.
      </digest>
      <description>
        name of the OSC message routed to the Nth outlet. If no argument is
        provided, a second inlet will be created. You can then send an OSC
        string to this second inlet to set the pattern to match.
      </description>
    </objarg>
  </objarglist>
  <!--EXAMPLE-->
  <examplelist>
    <example img='jcom.oscroute.maxref.png'/>
  </examplelist>
  <!--SEE ALSO-->
  <seealsolist>
    <seealso name='jcom.pass'/>
    <seealso name='jcom.instance2instance'/>
    <seealso name='jcom.oscinstance'/>
    <seealso name='route'/>
    <seealso name='select'/>
  </seealsolist>
  <discussion>
    Jamoma is a free and open source project. http://www.jamoma.org
  </discussion>
  <!--MISC-->
  <misc name='Output'>
    <entry name='Nth'>
      <description>
        Output OSC message routed through the Nth argument
      </description>
    </entry>
    <entry name='right'>
      <description>
        dumpout / overflow from non-matching inputs
      </description>
    </entry>
  </misc>
</c74object>