<?xml version='1.0' encoding='iso-8859-1' standalone='yes' ?>

<jamoma version='0.4'
		xmlns:xsi='http://www.w3.org/2001/XMLSchema-instance'
		xsi:schemaLocation='http://jamoma.org/ file:jamoma.xsd'
>
  <preset number='1' name='default'>
    <item name='audio/gain' type='decimal' priority='0'>100.000000</item>
    <item name='audio/mute' type='boolean' priority='0'>0</item>
    <item name='loopsync/active' type='boolean' priority='0'>0</item>
    <item name='loopsync/mode' type='string' priority='0'>loop_time</item>
    <item name='loop' type='boolean' priority='0'>0</item>
    <item name='reverse' type='boolean' priority='0'>0</item>
    <item name='sample/displaylength' type='decimal' priority='0'>0</item>
    <item name='sample/displaystart' type='array' priority='0'>0</item>
    <item name='sample/displaystart' type='decimal' priority='0'>0</item>
    <item name='sample/start' type='decimal' priority='0'>0</item>
    <item name='sample/stop' type='decimal' priority='0'>0</item>
    <item name='sample/vzoom' type='decimal' priority='0'>0</item>
    <item name='speed/active' type='boolean' priority='0'>0</item>
    <item name='speed/ratio' type='decimal' priority='0'>1.000000</item>
    <item name='view/freeze' type='boolean' priority='0'>0</item>
  </preset>
</jamoma>
