<?xml version="1.0" encoding="iso-8859-1" standalone="yes"?>

<jamoma version="0.4" 
	xmlns:xsi="http://www.w3.org/2001/XMLSchema-instance"
	xsi:schemaLocation="http://jamoma.org/ file:jamoma.xsd"
>
	
	<preset number="1" name="default">
		<item name="audio/gain" type="integer">0</item>
		<item name="audio/mix" type="decimal">100.</item>
		<item name="audio/bypass" type="integer">0</item>
		<item name="audio/mute" type="integer">1</item>		
		<item name="preamp" type="decimal">6.</item>
		<item name="postamp" type="decimal">6.</item>
		<item name="threshold" type="decimal">-6.</item>
		<item name="lookahead" type="integer">10</item>
		<item name="release" type="decimal">300.</item>
		<item name="mode" type="string">exponential</item>
    </preset>
</jamoma>
