<?xml version='1.0' encoding='iso-8859-1' standalone='yes' ?>

<jamoma version='0.4'
		xmlns:xsi='http://www.w3.org/2001/XMLSchema-instance'
		xsi:schemaLocation='http://jamoma.org/ file:jamoma.xsd'
>
  <preset number='1' name='default'>
    <item name='audio/active' type='boolean' priority='0'>0</item>
    <item name='audio/gain' type='decimal' priority='0'>0.000000</item>
    <item name='balance' type='decimal' priority='0'>0.000000</item>
    <item name='ch.1' type='integer' priority='0'>1</item>
    <item name='ch.2' type='integer' priority='0'>2</item>
    <item name='limiter/active' type='boolean' priority='0'>1</item>
    <item name='limiter/dcblocker/active' type='boolean' priority='0'>1</item>
    <item name='limiter/lookahead' type='integer' priority='0'>64</item>
    <item name='limiter/mode' type='string' priority='0'>exponential</item>
    <item name='limiter/postamp' type='decimal' priority='0'>0.000000</item>
    <item name='limiter/preamp' type='decimal' priority='0'>6.000000</item>
    <item name='limiter/release' type='decimal' priority='0'>300.000000</item>
    <item name='limiter/threshold' type='decimal' priority='0'>-1.000000</item>
    <item name='record/filetype' type='string' priority='0'>aiff</item>
    <item name='record/samptype' type='string' priority='0'>int24</item>
    <item name='saturation/active' type='boolean' priority='0'>1</item>
    <item name='saturation/depth' type='decimal' priority='0'>10.000000</item>
    <item name='view/freeze' type='boolean' priority='0'>0</item>

  </preset>
</jamoma>
