<?xml version='1.0' encoding='iso-8859-1' standalone='yes' ?>

<jamoma version='0.4'
		xmlns:xsi='http://www.w3.org/2001/XMLSchema-instance'
		xsi:schemaLocation='http://jamoma.org/ file:jamoma.xsd'
>
  <preset number='1' name='default'>
    <item name='calibration/high' type='integer' priority='0'>0</item>
    <item name='calibration/low' type='integer' priority='0'>0</item>
    <item name='range/high' type='integer' priority='0'>0</item>
    <item name='range/low' type='integer' priority='0'>0</item>
    <item name='sensor/name' type='string' priority='0'>0</item>
    <item name='sensor/nbr' type='integer' priority='0'>0</item>
    <item name='view/freeze' type='boolean' priority='0'>0</item>
  </preset>
</jamoma>
