<?xml version='1.0' encoding='iso-8859-1' standalone='yes' ?>

<jamoma version='0.4'
		xmlns:xsi='http://www.w3.org/2001/XMLSchema-instance'
		xsi:schemaLocation='http://jamoma.org/ file:jamoma.xsd'
>
  <preset number='1' name='default'>
    <item name='context' type='string' priority='0'>this_context</item>
    <item name='fullscreen' type='boolean' priority='0'>0</item>
    <item name='interpolate' type='boolean' priority='0'>0</item>
    <item name='view/freeze' type='boolean' priority='0'>0</item>
    <item name='video/freeze' type='boolean' priority='0'>0</item>
    <item name='video/mute' type='boolean' priority='0'>0</item>
    <item name='video/preview' type='boolean' priority='0'>0</item>
  </preset>
</jamoma>
