<?xml version='1.0' encoding='iso-8859-1' standalone='yes' ?>

<jamoma version='0.4'
		xmlns:xsi='http://www.w3.org/2001/XMLSchema-instance'
		xsi:schemaLocation='http://jamoma.org/ file:jamoma.xsd'
>
  <preset number='1' name='default'>
    <item name='audio/gain' type='decimal' priority='0' mixweight='1'>100.000000</item>
    <item name='audio/mute' type='boolean' priority='0' mixweight='1'>0</item>
    <item name='flavor' type='string' priority='0' mixweight='1'>Furse-Malham</item>
    <item name='numSpeakers' type='integer' priority='0' mixweight='1'>8</item>
    <item name='order' type='integer' priority='0' mixweight='1'>3</item>
    <item name='orderWeights' type='array' priority='0' mixweight='1'>1.000000 0.500000 0.100000 0.000000 0.000000 0.000000 0.000000 0.000000 0.000000 0.000000 0.000000 0.000000 </item>
    <item name='view/freeze' type='boolean' priority='0' mixweight='1'>0</item>
    <item name='view/highlight' type='string' priority='0' mixweight='1'>none</item>
  </preset>
  <preset number='2' name='malham'>
    <item name='order' type='integer' priority='0' mixweight='1'>3</item>
    <item name='flavor' type='string' priority='0' mixweight='1'>Furse-Malham</item>
    <item name='orderWeights' type='array' priority='0' mixweight='1'>0.823242 1.000000 0.442259 0.079101 0.000000 0.000000 0.000000 0.000000 0.000000 0.000000 0.000000 0.000000 </item>
  </preset>
  <preset number='3' name='furse'>
    <item name='order' type='integer' priority='0' mixweight='1'>3</item>
    <item name='flavor' type='string' priority='0' mixweight='1'>Furse-Malham</item>
    <item name='orderWeights' type='array' priority='0' mixweight='1'>0.707017 1.000000 1.000000 1.000000 0.000000 0.000000 0.000000 0.000000 0.000000 0.000000 0.000000 0.000000 </item>
  </preset>
  <preset number='4' name='inphase'>
    <item name='order' type='integer' priority='0' mixweight='1'>3</item>
    <item name='flavor' type='string' priority='0' mixweight='1'>Furse-Malham</item>
    <item name='orderWeights' type='array' priority='0' mixweight='1'>1.944000 1.296000 0.324000 0.000000 0.000000 0.000000 0.000000 0.000000 0.000000 0.000000 0.000000 0.000000 </item>
  </preset>
</jamoma>
