<?xml version='1.0' encoding='iso-8859-1' standalone='yes' ?>

<jamoma version='0.4'
		xmlns:xsi='http://www.w3.org/2001/XMLSchema-instance'
		xsi:schemaLocation='http://jamoma.org/ file:jamoma.xsd'
>
  <preset number='1' name='default'>
    <item name='modfreq' type='decimal'>0.100000</item>
    <item name='moddepth' type='decimal'>0.100000</item>
    <item name='lowpass' type='decimal'>15000.000000</item>
    <item name='delay' type='decimal'>100.000000</item>
    <item name='decay' type='decimal'>3.500000</item>
    <item name='damping' type='decimal'>20000.000000</item>
    <item name='earlyReflections/active' type='boolean'>1</item>  
    <item name='audio/mute' type='boolean'>1</item>
    <item name='audio/mix' type='decimal'>100.000000</item>
    <item name='audio/meters/freeze' type='boolean'>0</item>
    <item name='audio/gain' type='decimal'>0</item>
    <item name='audio/bypass' type='boolean'>0</item>
  </preset>
</jamoma>
