<?xml version='1.0' encoding='iso-8859-1' standalone='yes' ?>

<jamoma version='0.4'
		xmlns:xsi='http://www.w3.org/2001/XMLSchema-instance'
		xsi:schemaLocation='http://jamoma.org/ file:jamoma.xsd'
>
  <preset number='1' name='default'>
    <item name='attack' type='decimal' priority='0' mixweight='1'>70.866142</item>
    <item name='baseFrequency' type='decimal' priority='2' mixweight='1'>4.000000</item>
    <item name='decay' type='decimal' priority='0' mixweight='1'>535.432983</item>
    <item name='ducking' type='decimal' priority='0' mixweight='1'>1.000000</item>
    <item name='gain' type='decimal' priority='0' mixweight='1'>0.000000</item>
    <item name='legato' type='boolean' priority='0' mixweight='1'>0</item>
    <item name='loop' type='boolean' priority='0' mixweight='1'>1</item>
    <item name='maxsustain' type='decimal' priority='0' mixweight='1'>-1.000000</item>
    <item name='mute' type='boolean' priority='0' mixweight='1'>0</item>
    <item name='regionEnd' type='decimal' priority='0' mixweight='1'>0.000000</item>
    <item name='regionStart' type='decimal' priority='0' mixweight='1'>0.000000</item>
    <item name='release' type='decimal' priority='0' mixweight='1'>4409.448730</item>
    <item name='retrigger' type='decimal' priority='0' mixweight='1'>10.000000</item>
    <item name='steal' type='boolean' priority='0' mixweight='1'>1</item>
    <item name='sustain' type='decimal' priority='0' mixweight='1'>5.905511</item>
    <item name='view/color/border' type='array' priority='0' mixweight='1'>0</item>
    <item name='view/color/contentBackground' type='array' priority='0' mixweight='1'>0</item>
    <item name='view/color/toolbarBackground' type='array' priority='0' mixweight='1'>0</item>
    <item name='view/color/toolbarText' type='array' priority='0' mixweight='1'>0</item>
    <item name='view/freeze' type='boolean' priority='0' mixweight='1'>0</item>
    <item name='view/size' type='array' priority='0' mixweight='1'>300 70 </item>
    <item name='voices' type='integer' priority='1' mixweight='1'>16</item>
  </preset>
</jamoma>
