<?xml version='1.0' encoding='iso-8859-1' standalone='yes' ?>

<jamoma version='0.4'
		xmlns:xsi='http://www.w3.org/2001/XMLSchema-instance'
		xsi:schemaLocation='http://jamoma.org/ file:jamoma.xsd'
>
  <preset number='1' name='default'>
    <item name='angle' type='integer' priority='0'>0</item>
    <item name='boundmode' type='string' priority='0'>clip</item>
    <item name='mirror' type='boolean' priority='0'>1</item>
    <item name='offsetX' type='decimal' priority='0'>0.000000</item>
    <item name='offsetY' type='decimal' priority='0'>0.000000</item>
    <item name='rotate1' type='boolean' priority='0'>0</item>
    <item name='rotate2' type='boolean' priority='0'>0</item>
    <item name='video/bypass' type='boolean' priority='0'>0</item>
    <item name='video/freeze' type='boolean' priority='0'>0</item>
    <item name='video/mute' type='boolean' priority='0'>0</item>
    <item name='video/preview' type='boolean' priority='0'>0</item>
    <item name='view/freeze' type='boolean' priority='0'>0</item>

    <item name='zoomX' type='decimal' priority='0'>1.000000</item>
    <item name='zoomY' type='decimal' priority='0'>1.000000</item>
  </preset>
</jamoma>
